name,full_address,description,tags,opening_date,osm_last_edit,osm_last_edit_age_days,osm_first_added,source
Pikku Ranska,,french cuisine,confidence:medium;cuisine:french;restaurant,,2025-09-30T18:24:24Z,128,,OpenStreetMap
Papan Lounas & Pizza,"Sahaajankatu 31, Helsinki, FI","pizza, arab cuisine",confidence:medium;cuisine:arab;cuisine:pizza;diet:halal:no;diet:kosher:no;outdoor_seating:yes;restaurant,,2025-08-10T14:28:37Z,179,,OpenStreetMap
Maya Bar & Grill,"Mikonkatu 18, 00100 Helsinki",,confidence:medium;diet:halal:no;diet:kosher:no;diet:vegan:yes;diet:vegetarian:yes;outdoor_seating:yes;restaurant,,2025-08-31T13:29:48Z,158,,OpenStreetMap
Kabuki,"Lapinlahdenkatu 12, 00180 Helsinki, FI",japanese cuisine,confidence:medium;cuisine:japanese;diet:halal:no;diet:kosher:no;restaurant,,2025-08-20T07:32:23Z,169,,OpenStreetMap
Ateljé Finne,"Arkadiankatu 14, 00100 Helsinki, FI",,confidence:medium;diet:halal:no;diet:kosher:no;restaurant,,2026-01-28T09:47:09Z,8,,OpenStreetMap
Lentävä Lautanen,"Malmin lentoaseman aukio 6, 00700 Helsinki",,confidence:medium;restaurant,,2025-09-02T11:05:57Z,156,,OpenStreetMap
Ravintola Fregatti,"Vuotie 45, 00980 Helsinki, FI",,confidence:medium;diet:vegan:no;diet:vegetarian:yes;outdoor_seating:yes;restaurant,,2026-01-07T06:06:57Z,29,,OpenStreetMap
Rauhankahvila Fredrika,"Veturitori 3, 00520 Helsinki, FI",,confidence:medium;diet:halal:no;diet:kosher:no;restaurant,,2025-12-15T16:42:41Z,52,,OpenStreetMap
Unicafe,"Koetilantie 7, 00790 Helsinki",,confidence:medium;diet:halal:no;diet:kosher:no;restaurant,,2025-12-15T06:59:06Z,52,,OpenStreetMap
Unicafe,"Viikinkaari 9, 00790 Helsinki",,confidence:medium;diet:halal:no;diet:kosher:no;diet:vegan:yes;diet:vegetarian:yes;restaurant,,2025-12-15T06:59:06Z,52,,OpenStreetMap
Ravintola Sophie,"Koskelantie 9, 00610 Helsinki",,confidence:medium;restaurant,,2026-01-01T18:44:09Z,35,,OpenStreetMap
St1 HelmiSimpukka Helsinki Pukinmäki,"Ratavallintie 1, 00720 Helsinki",,confidence:medium;diet:halal:no;diet:kosher:no;diet:vegetarian:yes;outdoor_seating:no;restaurant,,2025-11-23T20:06:24Z,74,,OpenStreetMap
Puksu Room,"Helsinki, FI",,confidence:medium;diet:halal:no;diet:kosher:no;diet:vegetarian:no;outdoor_seating:yes;restaurant,,2025-11-24T14:20:18Z,73,,OpenStreetMap
Factory - Vallila,,,confidence:medium;diet:halal:no;diet:kosher:no;outdoor_seating:no;restaurant;takeaway:yes,,2025-12-13T14:05:51Z,54,,OpenStreetMap
Ravintola Lafal,"Hämeentie 6, 00530 Helsinki, FI",lebanese cuisine,confidence:medium;cuisine:lebanese;diet:halal:no;diet:kosher:no;diet:vegan:yes;diet:vegetarian:yes;outdoor_seating:yes;restaurant;takeaway:yes,,2025-08-26T07:28:54Z,163,,OpenStreetMap
Pizzeria Parmesan,,pizza cuisine,confidence:medium;cuisine:pizza;diet:halal:no;diet:kosher:no;restaurant,,2025-10-05T08:14:06Z,123,,OpenStreetMap
Mei Lin,"Annankatu 29, 00100 Helsinki, FI",chinese cuisine,confidence:medium;cuisine:chinese;diet:halal:no;diet:kosher:no;restaurant,,2026-01-27T21:07:51Z,9,,OpenStreetMap
White Lady,,,confidence:medium;diet:halal:no;diet:kosher:no;restaurant,,2025-10-08T19:04:34Z,120,,OpenStreetMap
Hard Rock Cafe,"Aleksanterinkatu 21, 00100 Helsinki, FI",american cuisine,confidence:medium;cuisine:american;diet:halal:no;diet:kosher:no;diet:vegan:yes;diet:vegetarian:yes;restaurant,,2025-11-30T21:23:05Z,67,,OpenStreetMap
Unicafe,"Mannerheimintie 3 B, 00100 Helsinki",,confidence:medium;diet:halal:no;diet:kosher:no;diet:vegan:yes;diet:vegetarian:yes;outdoor_seating:no;restaurant,,2025-12-15T06:59:06Z,52,,OpenStreetMap
Chef Huang,"Näyttelijäntie 14, 00400 Helsinki",chinese cuisine,confidence:medium;cuisine:chinese;delivery:no;diet:halal:no;diet:kosher:no;restaurant;takeaway:yes,,2026-01-06T23:24:40Z,30,,OpenStreetMap
Ravintola Sylvi,"Käpylänkuja 1, 00610 Helsinki",,confidence:medium;diet:halal:no;diet:kosher:no;restaurant,,2025-08-26T04:21:33Z,163,,OpenStreetMap
Factory,"Esterinportti 2, 00240 Helsinki, FI",,confidence:medium;restaurant,,2025-12-14T21:31:53Z,53,,OpenStreetMap
Oulunkylän Kebab-Pizzeria,,,confidence:medium;restaurant,,2025-08-12T15:08:59Z,177,,OpenStreetMap
Block by Dylan,"Eteläranta 18, 00130 Helsinki, FI",,confidence:medium;diet:halal:no;diet:kosher:no;diet:vegetarian:yes;outdoor_seating:yes;restaurant,,2025-12-25T11:26:28Z,42,,OpenStreetMap
Dragon Phoenix,"Pohjoinen Makasiinikatu 1, 00130 Helsinki, FI",chinese cuisine,confidence:medium;cuisine:chinese;diet:halal:no;diet:kosher:no;restaurant,,2025-10-19T09:23:46Z,109,,OpenStreetMap
Singapore,"Lapinlahdenkatu 29, 00180 Helsinki, FI",chinese cuisine,confidence:medium;cuisine:chinese;diet:halal:no;diet:kosher:no;restaurant,,2025-08-20T07:32:23Z,169,,OpenStreetMap
Tacoya,"Lapinlahdenkatu 25, 00180 Helsinki, FI",mexican cuisine,confidence:medium;cuisine:mexican;restaurant,,2025-08-20T07:32:23Z,169,,OpenStreetMap
Yarsa,"Kajaaninkatu 2, 00510 Helsinki, FI",nepalese cuisine,confidence:medium;cuisine:nepalese;diet:halal:no;diet:kosher:no;restaurant,,2025-12-26T16:11:38Z,41,,OpenStreetMap
Unicafe,"Agnes Sjöbergin katu 2, 00790 Helsinki",,confidence:medium;diet:halal:no;diet:kosher:no;diet:vegan:yes;diet:vegetarian:yes;outdoor_seating:yes;restaurant,,2025-12-16T14:50:50Z,51,,OpenStreetMap
Chill & Grill,"Porvoonkatu 23, 00510 Helsinki, FI",steak_house cuisine,confidence:medium;cuisine:house;cuisine:steak;diet:halal:no;diet:kosher:no;restaurant,,2025-12-26T16:12:52Z,41,,OpenStreetMap
The Old Skiffer,"Laivurinkatu 10, 00150 Helsinki, FI",,confidence:medium;diet:halal:no;diet:kosher:no;diet:vegetarian:yes;outdoor_seating:yes;restaurant,,2025-09-13T12:08:26Z,145,,OpenStreetMap
Ravintola Savoy,"Eteläesplanadi 14, 00130 Helsinki, FI",,confidence:medium;diet:halal:no;diet:kosher:no;restaurant,,2025-10-17T16:22:03Z,111,,OpenStreetMap
Pizzeria Nikolai,"00190 Helsinki, FI",pizza cuisine,confidence:medium;cuisine:pizza;outdoor_seating:yes;restaurant,,2025-08-11T15:11:12Z,178,,OpenStreetMap
Hua Fu Jiu Lou,"Helsinki, FI",chinese cuisine,confidence:medium;cuisine:chinese;diet:halal:no;diet:kosher:no;restaurant,,2025-10-04T11:39:18Z,124,,OpenStreetMap
Ravintola Onda,"Porthaninkatu 4, 00530 Helsinki, FI",Lounasbuffet arkisin klo 11:00 - 15:00,confidence:medium;cuisine:buffet;diet:halal:no;diet:kosher:no;outdoor_seating:yes;restaurant,,2025-08-09T08:53:30Z,180,,OpenStreetMap
Pizzeria Via Tribunali,"Sofiankatu 4, 00170 Helsinki, FI","pizza, italian cuisine",confidence:medium;cuisine:italian;cuisine:pizza;diet:gluten_free:no;diet:halal:no;diet:kosher:no;diet:vegan:yes;diet:vegetarian:yes;restaurant,,2025-11-28T18:20:32Z,69,,OpenStreetMap
Burgers & Wine,"Jaalaranta 5, 00180 Helsinki",burger cuisine,confidence:medium;cuisine:burger;outdoor_seating:yes;restaurant,,2025-12-19T07:33:25Z,48,,OpenStreetMap
Osteria dei Mancini,"Tehtaankatu 38, Helsinki, FI",italian cuisine,confidence:medium;cuisine:italian;restaurant,,2025-09-13T05:40:27Z,145,,OpenStreetMap
Kellotorni,"Kaivokatu 1, 00100 Helsinki",,confidence:medium;restaurant,,2025-11-27T10:43:54Z,70,,OpenStreetMap
Ravintola Teatteri,"Pohjoisesplanadi 2, 00130 Helsinki",,confidence:medium;diet:halal:no;diet:kosher:no;restaurant,,2025-10-17T17:30:21Z,111,,OpenStreetMap
Manhattan Steak House,"Eteläesplanadi, 00100 Helsinki, FI",steak_house cuisine,confidence:medium;cuisine:house;cuisine:steak;diet:halal:no;diet:kosher:no;restaurant,,2026-01-09T21:51:21Z,27,,OpenStreetMap
Ravintola Bronda,"Eteläesplanadi 20, 00130 Helsinki, FI",,confidence:medium;diet:halal:no;diet:kosher:no;diet:vegan:no;diet:vegetarian:yes;outdoor_seating:yes;restaurant,,2025-10-17T19:51:39Z,111,,OpenStreetMap
Salutorget,,regional cuisine,confidence:medium;cuisine:regional;diet:halal:no;diet:kosher:no;restaurant,,2025-08-14T09:10:33Z,175,,OpenStreetMap
Konnichiwa,"Fredrikinkatu 56, 00100 Helsinki, FI",sushi cuisine,confidence:medium;cuisine:sushi;diet:halal:no;diet:kosher:no;outdoor_seating:no;restaurant,,2025-09-07T15:05:52Z,151,,OpenStreetMap
Fuji Biyori,"Korkeavuorenkatu 47, 00130 Helsinki, FI","japanese, sushi cuisine",confidence:medium;cuisine:japanese;cuisine:sushi;outdoor_seating:no;restaurant,,2025-10-17T16:18:06Z,111,,OpenStreetMap
Bambu Sushi Konepaja,"Aleksis Kiven katu 58, 00510 Helsinki, FI",sushi cuisine,confidence:medium;cuisine:sushi;restaurant,,2025-12-21T15:11:16Z,46,,OpenStreetMap
Toveri,"Castréninkatu 3, 00530 Helsinki, FI",,confidence:medium;restaurant,,2025-12-28T13:55:22Z,39,,OpenStreetMap
Ravintola Pastis,"Pieni Roobertinkatu 2, 00130 Helsinki, FI",french cuisine,confidence:medium;cuisine:french;diet:halal:no;diet:kosher:no;outdoor_seating:yes;restaurant,,2025-10-17T20:02:51Z,111,,OpenStreetMap
Alfons Pizza,"Vuorimiehenkatu 35, 00150 Helsinki, FI",pizza cuisine,confidence:medium;cuisine:pizza;diet:halal:no;diet:kosher:no;outdoor_seating:yes;restaurant;takeaway:yes,,2025-09-13T12:08:20Z,145,,OpenStreetMap
Aperitivo by Alfons,"Vuorimiehenkatu 18, 00150 Helsinki, FI",,confidence:medium;outdoor_seating:yes;restaurant,,2025-09-13T12:08:23Z,145,,OpenStreetMap
Akhanda Food And Bar,"Maistraatinportti 4, 00240 Helsinki, FI",Nepalese restaurant,confidence:medium;cuisine:nepalese;diet:chicken:yes;diet:fish:yes;diet:lactose_free:yes;diet:vegetarian:yes;restaurant;takeaway:yes,,2025-11-10T18:46:03Z,87,,OpenStreetMap
Pasila Ravintola Kuningas,"Asemapäällikönkatu 3, 00520 Helsinki, FI","pizza, kebab cuisine",confidence:medium;cuisine:kebab;cuisine:pizza;delivery:no;diet:halal:no;diet:kosher:no;diet:vegan:yes;diet:vegetarian:yes;outdoor_seating:yes;restaurant,,2025-11-09T17:59:26Z,88,,OpenStreetMap
Unicafe,"A.I. Virtasen aukio 1, 00560 Helsinki",,confidence:medium;diet:halal:no;diet:kosher:no;diet:vegan:yes;diet:vegetarian:yes;restaurant,,2025-12-15T06:59:06Z,52,,OpenStreetMap
Food Chef,"Rapakivenkuja 9, 00710 Helsinki","lunch, pizza cuisine",confidence:medium;cuisine:lunch;cuisine:pizza;diet:halal:no;diet:kosher:no;diet:vegetarian:yes;outdoor_seating:yes;restaurant;takeaway:yes,,2025-08-11T07:31:38Z,178,,OpenStreetMap
Southland,"Meri-Rastilan tie 3, 00980 Helsinki",chinese cuisine,confidence:medium;cuisine:chinese;delivery:no;diet:halal:no;diet:kosher:no;restaurant;takeaway:yes,,2025-11-09T20:54:18Z,88,,OpenStreetMap
Itsudemo,"Salomonkatu 3, 00100 Helsinki, FI",sushi cuisine,confidence:medium;cuisine:sushi;diet:halal:no;diet:kosher:no;restaurant,,2025-11-09T07:11:53Z,88,,OpenStreetMap
Satama Bar & Bistro,"Hitsaajankatu 22, 00810 Helsinki",mediterranean cuisine,confidence:medium;cuisine:mediterranean;restaurant,,2025-08-21T19:15:06Z,168,,OpenStreetMap
Sotto Pizzeria,Laajalahdentie 17,pizza cuisine,confidence:medium;cuisine:pizza;restaurant,,2025-12-11T14:49:34Z,56,,OpenStreetMap
Twenty four social club,"Kolmas linja 6, 00530 Helsinki, FI",fusion cuisine,confidence:medium;cuisine:fusion;restaurant,,2025-12-01T14:54:37Z,66,,OpenStreetMap
Ravintola Kookos,"Haapaniemenkatu 6, 00530 Helsinki",,confidence:medium;diet:halal:no;diet:kosher:no;diet:vegan:yes;diet:vegetarian:yes;restaurant,,2025-09-12T07:54:17Z,146,,OpenStreetMap
Unicafe,"Yrjö-Koskisen katu 3, 00170 Helsinki",,confidence:medium;diet:halal:no;diet:kosher:no;diet:vegan:yes;diet:vegetarian:yes;restaurant,,2025-12-15T06:59:06Z,52,,OpenStreetMap
Unicafe,"Siltavuorenpenger 5, 00170 Helsinki",,confidence:medium;diet:halal:no;diet:kosher:no;diet:vegan:yes;diet:vegetarian:yes;restaurant,,2025-12-15T06:59:06Z,52,,OpenStreetMap
Unicafe,"Unioninkatu 38, 00170 Helsinki",,confidence:medium;diet:halal:no;diet:kosher:no;diet:vegan:yes;diet:vegetarian:yes;restaurant,,2025-12-15T06:59:06Z,52,,OpenStreetMap
Unicafe,"Fabianinkatu 39, 00100 Helsinki",,confidence:medium;diet:halal:no;diet:kosher:no;diet:vegan:yes;diet:vegetarian:yes;outdoor_seating:no;restaurant,,2025-12-15T06:59:06Z,52,,OpenStreetMap
Unicafe,,,confidence:medium;diet:halal:no;diet:kosher:no;diet:vegan:yes;diet:vegetarian:yes;restaurant,,2025-12-15T06:59:06Z,52,,OpenStreetMap
Unicafe,"Pietari Kalmin katu 5, 00560 Helsinki",,confidence:medium;diet:halal:no;diet:kosher:no;diet:vegan:yes;diet:vegetarian:yes;restaurant,,2025-12-15T06:59:06Z,52,,OpenStreetMap
Soitin,,,confidence:medium;restaurant,,2025-09-05T06:54:21Z,153,,OpenStreetMap
Onnekas Kissa,"Teollisuuskatu 21, 00510 Helsinki",,confidence:medium;restaurant,,2026-01-14T15:55:47Z,22,,OpenStreetMap
Birdie Numnum,"Hämeentie 2, 00530 Helsinki, FI",,confidence:medium;restaurant,,2025-09-12T07:39:08Z,146,,OpenStreetMap
Indie Bistro & Bar,"Postikuja 2, 00100 Helsinki, FI",indian cuisine,confidence:medium;cuisine:indian;outdoor_seating:yes;restaurant,,2025-09-03T04:39:39Z,155,,OpenStreetMap
Unicafe,"Viikinkaari 11, 00790 Helsinki",,confidence:medium;diet:halal:no;diet:kosher:no;diet:vegan:yes;diet:vegetarian:yes;outdoor_seating:yes;restaurant,,2025-12-15T06:59:06Z,52,,OpenStreetMap
Taulu,"Rautatieasema, Kaivokatu 1, 00100 Helsinki, FI",,confidence:medium;restaurant,,2025-12-08T12:20:50Z,59,,OpenStreetMap
Zetor,"Mannerheimintie 3, 00100 Helsinki, FI",regional cuisine,confidence:medium;cuisine:regional;diet:halal:no;diet:kosher:no;restaurant,,2025-12-24T15:01:56Z,43,,OpenStreetMap
Ravintola Saari,00150 Helsinki,,confidence:medium;diet:halal:no;diet:kosher:no;restaurant,,2025-11-03T09:09:33Z,94,,OpenStreetMap
Vapiano,"Mikonkatu, 00100 Helsinki, FI",italian cuisine,confidence:medium;cuisine:italian;diet:vegan:yes;diet:vegetarian:yes;outdoor_seating:yes;restaurant,,2025-09-30T14:40:08Z,128,,OpenStreetMap
Domo,"Kalevankatu 21, 00100 Helsinki, FI",japanese cuisine,confidence:medium;cuisine:japanese;diet:halal:no;diet:kosher:no;restaurant,,2025-09-18T17:08:42Z,140,,OpenStreetMap
Swad Nepal,"Lapinlahdenkatu 17, 00180 Helsinki, FI",nepalese cuisine,confidence:medium;cuisine:nepalese;restaurant,,2025-08-20T07:32:23Z,169,,OpenStreetMap
Tandoor,Salomonkatu 19,indian cuisine,confidence:medium;cuisine:indian;diet:halal:no;diet:kosher:no;diet:vegetarian:yes;outdoor_seating:yes;restaurant;takeaway:yes,,2025-09-17T10:40:47Z,141,,OpenStreetMap
Ravintola Penélope,"Mikonkatu 9, 00100 Helsinki, FI",,confidence:medium;diet:halal:no;diet:kosher:no;restaurant,,2025-09-30T14:44:29Z,128,,OpenStreetMap
Cortana express,"Meri-Rastilan kuja 2, 00980 Helsinki",pizza cuisine,confidence:medium;cuisine:pizza;restaurant,,2025-11-09T20:54:18Z,88,,OpenStreetMap
Rolls Express Itäväylä,"Linnavuorentie 30, 00950 Helsinki",burger cuisine,confidence:medium;cuisine:burger;diet:halal:no;diet:kosher:no;restaurant,,2025-11-22T09:38:57Z,75,,OpenStreetMap
Happy Food Garden,"Kalevankatu, 00100 Helsinki, FI",chinese cuisine,confidence:medium;cuisine:chinese;diet:halal:no;diet:kosher:no;restaurant,,2025-09-18T17:08:43Z,140,,OpenStreetMap
Lumi,"Miina Sillanpään katu 8, Helsinki, FI",japanese cuisine,confidence:medium;cuisine:japanese;restaurant,,2026-01-28T12:45:51Z,8,,OpenStreetMap
Yamy Bar,,"pizza, burger, indian cuisine",confidence:medium;cuisine:burger;cuisine:indian;cuisine:pizza;restaurant,,2026-01-28T12:45:51Z,8,,OpenStreetMap
Belmont,"Hakaniemenkatu 7, 00530 Helsinki, FI","italian, pizza, new_york, american, pasta cuisine",confidence:medium;cuisine:american;cuisine:italian;cuisine:new;cuisine:pasta;cuisine:pizza;cuisine:york;restaurant,,2025-09-23T19:16:02Z,135,,OpenStreetMap
Roji,"Kolmas linja 16, 00530 Helsinki",sushi cuisine,confidence:medium;cuisine:sushi;diet:halal:no;diet:kosher:no;outdoor_seating:no;restaurant,,2025-08-08T14:36:22Z,181,,OpenStreetMap
Lemon Grass,"Kolmas linja 12, 00530 Helsinki",thai cuisine,confidence:medium;cuisine:thai;diet:halal:no;diet:kosher:no;diet:vegan:yes;diet:vegetarian:yes;outdoor_seating:no;restaurant,,2025-08-08T14:36:27Z,181,,OpenStreetMap
Ravintola Vaunu,"Ratapihantie 9, 00520 Helsinki",,confidence:medium;diet:halal:no;diet:kosher:no;restaurant,,2025-12-15T16:42:41Z,52,,OpenStreetMap
Mullikka,"Mannerheimintie 130, 00270 Helsinki","burger, wings cuisine",confidence:medium;cuisine:burger;cuisine:wings;delivery:yes;outdoor_seating:yes;restaurant,,2025-10-08T19:16:17Z,120,,OpenStreetMap
Raku,"Ristipellontie 25, 00390 Helsinki","japanese, chinese cuisine",confidence:medium;cuisine:chinese;cuisine:japanese;diet:halal:no;diet:kosher:no;restaurant,,2025-10-16T14:40:48Z,112,,OpenStreetMap
Amarillo,"Aleksanterinkatu 46, 00100 Helsinki, FI",,confidence:medium;diet:halal:no;diet:kosher:no;outdoor_seating:yes;restaurant,,2025-10-27T16:06:42Z,101,,OpenStreetMap
Brasserie Lionne,"Pohjoisesplanadi 37, 00100 Helsinki",french cuisine,confidence:medium;cuisine:french;outdoor_seating:yes;restaurant,,2025-12-30T11:51:49Z,37,,OpenStreetMap
Ren He,Vanha viertotie 18,chinese cuisine,confidence:medium;cuisine:chinese;diet:halal:no;diet:kosher:no;restaurant,,2025-11-12T08:41:13Z,85,,OpenStreetMap
Haru Plus Sushi,"Annankatu 6, 00120 Helsinki, FI","thai, sushi cuisine",confidence:medium;cuisine:sushi;cuisine:thai;diet:halal:no;diet:kosher:no;restaurant,,2026-01-27T13:13:54Z,9,,OpenStreetMap
Fredi Pizzeria,"Fredrikinkatu 61-B, 00100 Helsinki, FI","pizza, kebab, burger, vöner cuisine",confidence:medium;cuisine:burger;cuisine:kebab;cuisine:pizza;cuisine:vöner;diet:vegan:yes;outdoor_seating:no;restaurant,,2025-10-04T14:20:49Z,124,,OpenStreetMap
Passio,"Kalevankatu 13, 00100 Helsinki, FI",brunch,confidence:medium;diet:halal:no;diet:kosher:no;restaurant,,2025-09-13T13:32:40Z,145,,OpenStreetMap
Gurkha,"Hiihtäjäntie 1, 00810 Helsinki",nepalese cuisine,confidence:medium;cuisine:nepalese;diet:halal:no;diet:kosher:no;restaurant,,2025-08-09T12:32:26Z,180,,OpenStreetMap
Ho Khao,Pohjoinen Makasiinikatu 7,thai cuisine,confidence:medium;cuisine:thai;restaurant,,2025-10-18T05:39:42Z,110,,OpenStreetMap
Boreal,"Uudenmaankatu 9, 00120 Helsinki, FI",local cuisine,confidence:medium;cuisine:local;restaurant,,2025-11-27T11:04:30Z,70,,OpenStreetMap
Luckiefun’s Sushi Buffet Helsinki,"Lönnrotinkatu 2, 00100 Helsinki, FI",japanese cuisine,confidence:medium;cuisine:japanese;diet:halal:no;diet:kosher:no;restaurant,,2025-11-03T12:14:04Z,94,,OpenStreetMap
Bacco,"Pohjoisesplanadi 9, 00170 Helsinki",italian cuisine,confidence:medium;cuisine:italian;diet:halal:no;diet:kosher:no;diet:vegetarian:yes;outdoor_seating:yes;restaurant,,2025-11-07T10:25:56Z,90,,OpenStreetMap
Putte's Bar & Pizza,"Kalevankatu 6, 00100 Helsinki, FI",pizza cuisine,confidence:medium;cuisine:pizza;diet:halal:no;diet:kosher:no;diet:vegetarian:yes;restaurant,,2025-09-13T13:39:23Z,145,,OpenStreetMap
Zaap,"Töölönlahdenkatu 3, 00100 Helsinki",thai cuisine,confidence:medium;cuisine:thai;diet:vegan:yes;diet:vegetarian:yes;outdoor_seating:yes;restaurant,,2025-09-26T16:10:03Z,132,,OpenStreetMap
Cafe Mustasaari,,,confidence:medium;restaurant,,2025-10-26T09:46:43Z,102,,OpenStreetMap
China Wall,,chinese cuisine,confidence:medium;cuisine:chinese;diet:halal:no;diet:kosher:no;restaurant,,2025-10-04T11:41:41Z,124,,OpenStreetMap
Il Siciliano,"Pohjoisesplanadi 21, 00100 Helsinki",italian cuisine,confidence:medium;cuisine:italian;diet:halal:no;diet:kosher:no;restaurant,,2025-10-19T13:41:54Z,109,,OpenStreetMap
Nefer Nefer Nefer,"Erottajankatu 4, Helsinki, FI","persian, arab cuisine",confidence:medium;cuisine:arab;cuisine:persian;restaurant,,2025-12-18T06:09:36Z,49,,OpenStreetMap
Sushibar + Wine,Töölönkatu 51 A,sushi cuisine,confidence:medium;cuisine:sushi;diet:halal:no;diet:kosher:no;restaurant,,2025-12-11T05:47:05Z,56,,OpenStreetMap
Unicafe,"Töölönkatu 37, 00260 Helsinki",,confidence:medium;restaurant,,2025-12-15T06:59:06Z,52,,OpenStreetMap
Ravintola Dhaka Grilli,"Näyttelijäntie 14 B, 00400 Helsinki",,confidence:medium;restaurant,,2026-01-28T12:22:59Z,8,,OpenStreetMap
Trần Tịnh,"Siltasaarenkatu 3-5, 00530 Helsinki",vietnamese cuisine,confidence:medium;cuisine:vietnamese;diet:halal:no;diet:kosher:no;diet:vegan:only;diet:vegetarian:only;restaurant,,2025-12-28T21:18:54Z,39,,OpenStreetMap
Kahvila Stoa,"Turunlinnantie 1, 00900 Helsinki",,confidence:medium;restaurant,,2026-01-12T05:56:17Z,24,,OpenStreetMap
Chill out Cafe,"Varikkotie 4, 00900 Helsinki","sandwich, salad, burger cuisine",confidence:medium;cuisine:burger;cuisine:salad;cuisine:sandwich;diet:halal:no;diet:kosher:no;restaurant;takeaway:yes,,2025-11-14T12:56:28Z,83,,OpenStreetMap
"Kampai 3""","Kolmas linja 18, 00530 Helsinki",japanese cuisine,confidence:medium;cuisine:japanese;outdoor_seating:yes;restaurant,,2025-08-08T14:36:21Z,181,,OpenStreetMap
Krog Roba,Pieni Roobertinkatu 1,,confidence:medium;diet:halal:no;diet:kosher:no;restaurant,,2025-10-17T05:12:42Z,111,,OpenStreetMap
Insinöörit & Ekonomit,"Junailijanaukio 3, 00520 Helsinki",,confidence:medium;diet:halal:no;diet:kosher:no;restaurant,,2025-12-15T16:42:41Z,52,,OpenStreetMap
Ravintola Ratamestari,"Ratamestarinkatu 11, 00520 Helsinki",,confidence:medium;diet:halal:no;diet:kosher:no;restaurant,,2025-12-15T16:42:41Z,52,,OpenStreetMap
Mala House,"Opastinsilta 10, 00520 Helsinki",asian cuisine,confidence:medium;cuisine:asian;diet:halal:no;diet:kosher:no;outdoor_seating:yes;restaurant,,2025-12-15T16:42:41Z,52,,OpenStreetMap
Twisted Street Kitchen,"Fredrikinkatu 58, 00100 Helsinki, FI",,confidence:medium;diet:halal:no;diet:kosher:no;restaurant,,2025-09-12T08:10:38Z,146,,OpenStreetMap
Thai Vegan Kitchen,"Lapinlahdenkatu 9, 00180 Helsinki",thai cuisine,confidence:medium;cuisine:thai;diet:halal:yes;diet:kosher:yes;diet:vegan:only;diet:vegetarian:only;outdoor_seating:yes;restaurant;takeaway:yes,,2025-08-12T13:58:00Z,177,,OpenStreetMap
Finlandia Caviar,Eteläranta 20,,confidence:medium;diet:halal:no;diet:kosher:no;outdoor_seating:yes;restaurant,,2025-11-07T10:25:57Z,90,,OpenStreetMap
Akhanda Nepalilainen Ravintola,"Valimotie 2, 00380 Helsinki",nepalese cuisine,confidence:medium;cuisine:nepalese;diet:chicken:yes;diet:fish:yes;diet:gluten_free:yes;diet:lactose_free:yes;diet:vegan:yes;diet:vegetarian:yes;outdoor_seating:no;restaurant;takeaway:yes,,2025-12-13T14:08:40Z,54,,OpenStreetMap
Lezzet Anatolia,"Kauppakartanonkatu 7 A, 00930 Helsinki",turkish cuisine,confidence:medium;cuisine:turkish;restaurant,,2025-11-22T17:35:59Z,75,,OpenStreetMap
Karppi,"Punavuorenkatu 3, 00120 Helsinki, FI",,confidence:medium;restaurant,,2025-08-10T10:33:52Z,179,,OpenStreetMap
Skiffer Viiskulma,"Laivurinkatu 10, 00150 Helsinki, FI",pizza cuisine,confidence:medium;cuisine:pizza;diet:halal:no;diet:kosher:no;outdoor_seating:yes;restaurant,,2025-09-13T12:08:27Z,145,,OpenStreetMap
Basbas Studio,"Pursimiehenkatu 27, 00150 Helsinki, FI",,confidence:medium;restaurant,,2025-12-23T12:06:48Z,44,,OpenStreetMap
Zucchini,"Fabianinkatu 4, Helsinki, FI",,confidence:medium;diet:halal:no;diet:kosher:no;diet:vegan:yes;diet:vegetarian:only;restaurant,,2025-08-12T12:10:07Z,177,,OpenStreetMap
Restaurant Haven,,,confidence:medium;diet:halal:no;diet:kosher:no;restaurant,,2025-10-19T09:26:33Z,109,,OpenStreetMap
Caverna,"Yliopistonkatu 5, 00100 Helsinki",,confidence:medium;diet:halal:no;diet:kosher:no;diet:vegetarian:no;outdoor_seating:no;restaurant,,2025-12-07T14:53:11Z,60,,OpenStreetMap
Karaz,"Lönnrotinkatu 15, 00120 Helsinki, FI",syrian cuisine,confidence:medium;cuisine:syrian;restaurant,,2025-11-02T12:08:49Z,95,,OpenStreetMap
Just vege,"Vaasankatu 15, 00100 Helsinki",,confidence:medium;diet:halal:no;diet:kosher:no;diet:vegan:yes;diet:vegetarian:only;restaurant,,2025-08-16T12:49:43Z,173,,OpenStreetMap
Barbarossa Pizza & Kebab,Kampinkuja 2,pizza cuisine,confidence:medium;cuisine:pizza;diet:halal:no;diet:kosher:no;outdoor_seating:no;restaurant,,2025-12-30T12:07:45Z,37,,OpenStreetMap
Ha Noi Quan,"Urho Kekkosen katu 7, 00100 Helsinki, FI",vietnamese cuisine,confidence:medium;cuisine:vietnamese;restaurant,,2025-08-10T11:06:14Z,179,,OpenStreetMap
Panorama Bistro,,,confidence:medium;diet:halal:no;diet:kosher:no;outdoor_seating:yes;restaurant,,2025-10-16T11:46:57Z,112,,OpenStreetMap
Daddy Greens Pizzabar,Humalistonkatu 3,italian_pizza cuisine,confidence:medium;cuisine:italian;cuisine:pizza;diet:halal:no;diet:kosher:no;restaurant,,2025-09-17T13:14:00Z,141,,OpenStreetMap
Makalu,Pikkalankatu 5,nepalese cuisine,confidence:medium;cuisine:nepalese;diet:halal:no;diet:kosher:no;outdoor_seating:no;restaurant,,2025-11-27T09:18:25Z,70,,OpenStreetMap
Scandic Bistro Meilahti,,,confidence:medium;restaurant,,2025-12-14T11:28:20Z,53,,OpenStreetMap
Deliberi,"Keskuskatu 7, 00100 Helsinki",,confidence:medium;diet:halal:no;diet:kosher:no;restaurant,,2025-09-06T10:51:29Z,152,,OpenStreetMap
Dylan Marmoripiha,"Keskuskatu 3 A, 00100 Helsinki",,confidence:medium;diet:halal:no;diet:kosher:no;restaurant,,2025-12-25T11:25:59Z,42,,OpenStreetMap
Cambo Thai,,thai cuisine,confidence:medium;cuisine:thai;restaurant,,2025-08-16T21:39:16Z,173,,OpenStreetMap
Pastelaria Brasil,"Opastinsilta 2, 00520 Helsinki",brazilian cuisine,confidence:medium;cuisine:brazilian;diet:halal:no;diet:kosher:no;restaurant,,2026-01-14T09:42:01Z,22,,OpenStreetMap
Chuan Chim Thai Kitchen,"Aleksis Kiven katu 25, 00510 Helsinki",thai cuisine,confidence:medium;cuisine:thai;diet:halal:no;diet:kosher:no;restaurant,,2025-12-21T14:59:22Z,46,,OpenStreetMap
Ella Pizza Kebab,,"pizza, kebab cuisine",confidence:medium;cuisine:kebab;cuisine:pizza;restaurant,,2025-08-16T21:39:16Z,173,,OpenStreetMap
Unicafe,"Unioninkatu 36, 00170 Helsinki",coffee_shop cuisine,confidence:medium;cuisine:coffee;cuisine:shop;diet:halal:no;diet:kosher:no;diet:vegan:yes;diet:vegetarian:yes;outdoor_seating:no;restaurant,,2025-12-15T06:59:06Z,52,,OpenStreetMap
Da Spizzico,"Länsisatamankatu 36, 00220 Helsinki",italian cuisine,confidence:medium;cuisine:italian;diet:halal:no;diet:kosher:no;restaurant,,2025-10-23T06:10:48Z,105,,OpenStreetMap
Qazan,"Itäkatu 1-7, 00930 Helsinki","uzbek, turkish cuisine",confidence:medium;cuisine:turkish;cuisine:uzbek;restaurant,,2025-11-24T06:47:41Z,73,,OpenStreetMap
Broo,Malminkatu 16,pizza cuisine,confidence:medium;cuisine:pizza;diet:halal:no;diet:kosher:no;diet:vegan:yes;diet:vegetarian:yes;restaurant,,2026-01-31T00:47:45Z,5,,OpenStreetMap
Levant,"Itälahdenkatu 7, 00210 Helsinki","mediterranean, middle_eastern cuisine",confidence:medium;cuisine:eastern;cuisine:mediterranean;cuisine:middle;diet:halal:no;diet:kosher:no;diet:vegan:yes;diet:vegetarian:yes;restaurant,,2025-11-10T10:22:20Z,87,,OpenStreetMap
Luckiefun's,,sushi cuisine,confidence:medium;cuisine:sushi;diet:halal:no;diet:kosher:no;diet:vegan:yes;diet:vegetarian:yes;outdoor_seating:no;restaurant,,2025-11-16T09:23:55Z,81,,OpenStreetMap
Elias döner kebab,"Välimerenkatu 20, 00220 Helsinki",kebab cuisine,confidence:medium;cuisine:kebab;diet:halal:no;diet:kosher:no;restaurant,,2025-10-19T20:57:41Z,109,,OpenStreetMap
Ravintola Pisara Lauttasaari,"Itälahdenkatu 22a, 00210 Helsinki",,confidence:medium;restaurant,,2025-12-10T09:25:13Z,57,,OpenStreetMap
Ramen Ichiraku,"Urho Kekkosen katu 1, 00100 Helsinki, FI",noodle cuisine,confidence:medium;cuisine:noodle;outdoor_seating:no;restaurant,,2025-12-26T13:10:26Z,41,,OpenStreetMap
Dylan Kottby Oulunkylä,"Mäkitorpantie 3, 00620 Helsinki",,confidence:medium;diet:halal:no;diet:kosher:no;outdoor_seating:no;restaurant,,2025-08-12T16:15:20Z,177,,OpenStreetMap
Ravinteli Olkkari,"Toinen linja 3, 00530 Helsinki, FI",A vibrant culinary living room in Helsinki,confidence:medium;diet:lactose_free:yes;diet:meat:yes;diet:pescetarian:yes;diet:vegan:yes;diet:vegetarian:yes;restaurant,,2025-08-28T08:41:02Z,161,,OpenStreetMap
Scolare,Fabianinkatu 19,,confidence:medium;restaurant,,2025-10-18T05:54:43Z,110,,OpenStreetMap
Faselli,"Helsinginkatu 21, 00530 Helsinki",italian cuisine,confidence:medium;cuisine:italian;delivery:yes;outdoor_seating:yes;restaurant;takeaway:yes,,2025-12-13T10:38:48Z,54,,OpenStreetMap
Helsingin Pizzapojat,"Vuotie 3, 00980 Helsinki",pizza cuisine,confidence:medium;cuisine:pizza;diet:halal:no;diet:kosher:no;restaurant,,2025-11-10T18:45:19Z,87,,OpenStreetMap
Biblos,"Eteläesplanadi 22, 00130 Helsinki",middle_eastern cuisine,confidence:medium;cuisine:eastern;cuisine:middle;restaurant,,2026-01-09T21:51:21Z,27,,OpenStreetMap
Rue Madame,"Pohjoisesplanadi 25-27, 00100 Helsinki","italian, french cuisine",confidence:medium;cuisine:french;cuisine:italian;restaurant,,2025-08-12T08:05:20Z,177,,OpenStreetMap
Elias Döner kebab & Pizzotto,"Ajomiehentie 1, 00390 Helsinki","pizza, kebab cuisine",confidence:medium;cuisine:kebab;cuisine:pizza;restaurant,,2025-11-17T19:06:25Z,80,,OpenStreetMap
Tavola,"Maisemamaalauksenkatu 1, 00430 Helsinki",italian cuisine,confidence:medium;cuisine:italian;diet:halal:no;diet:kosher:no;outdoor_seating:yes;restaurant,,2025-09-11T19:09:06Z,147,,OpenStreetMap
Sano Nepal,"Kulmavuorenkatu 4, 00500 Helsinki",indian cuisine,confidence:medium;cuisine:indian;diet:vegan:yes;diet:vegetarian:yes;restaurant,,2026-02-02T11:32:04Z,3,,OpenStreetMap
Omu Raisu,Kulmavuorenkatu 4,japanese cuisine,confidence:medium;cuisine:japanese;restaurant,,2026-02-02T11:32:04Z,3,,OpenStreetMap
Hills Dumplings,Kalevankatu 17,,confidence:medium;diet:halal:no;diet:kosher:no;diet:vegan:yes;restaurant,,2025-09-06T17:52:06Z,152,,OpenStreetMap
Majakkalaiva Relandersgrund,"Pohjoisranta 1, 00170 Helsinki, FI",,confidence:medium;diet:halal:no;diet:kosher:no;restaurant;takeaway:yes,,2025-09-03T18:08:09Z,155,,OpenStreetMap
Third Place,"Arkadiankatu 23, 00100 Helsinki",pasta cuisine,confidence:medium;cuisine:pasta;restaurant,,2025-08-18T21:11:52Z,171,,OpenStreetMap
Ragazza,"Kahvipavunkuja 2, 00990 Helsinki",italian cuisine,confidence:medium;cuisine:italian;outdoor_seating:no;restaurant,,2025-09-20T15:38:56Z,138,,OpenStreetMap
Chinaboss,"Päivöläntie 21, 00730 Helsinki",chinese cuisine,confidence:medium;cuisine:chinese;diet:halal:no;diet:kosher:no;restaurant,,2025-08-10T14:05:37Z,179,,OpenStreetMap
Noodle Story,"Linnanrakentajantie 2, 00880 Helsinki",asian cuisine,confidence:medium;cuisine:asian;diet:halal:no;diet:kosher:no;restaurant,,2025-09-15T07:59:29Z,143,,OpenStreetMap
Foody,"Linnanrakentajantie 2, 00880 Helsinki",mediterranean cuisine,confidence:medium;cuisine:mediterranean;restaurant,,2025-09-15T07:59:29Z,143,,OpenStreetMap
Penang Kitchen,"Tulppatie 8, 00880 Helsinki",malaysian cuisine,confidence:medium;cuisine:malaysian;restaurant,,2025-11-27T11:29:45Z,70,,OpenStreetMap
Kantsun Sävel,"Kantelettarentie 1, 00420 Helsinki",regional cuisine,confidence:medium;cuisine:regional;restaurant,,2025-11-23T14:24:59Z,74,,OpenStreetMap
Pizzeria Via Tribunali,Välimerenkatu 5,"pizza, italian cuisine",confidence:medium;cuisine:italian;cuisine:pizza;diet:halal:no;diet:kosher:no;restaurant,,2025-10-23T09:01:04Z,105,,OpenStreetMap
Bistro K,Hämeentie 68,,confidence:medium;diet:halal:no;diet:kosher:no;restaurant,,2025-09-06T15:27:48Z,152,,OpenStreetMap
Sotto Pizzeria Sompasaari,"Kaljaasi Fortunan katu 1, 00540 Helsinki",pizza cuisine,confidence:medium;cuisine:pizza;delivery:yes;diet:vegan:yes;diet:vegetarian:yes;outdoor_seating:yes;restaurant;takeaway:yes,,2025-11-02T16:31:02Z,95,,OpenStreetMap
Rioni Helsinki,"Kasarmikatu 25, 00130 Helsinki",georgian cuisine,confidence:medium;cuisine:georgian;outdoor_seating:yes;restaurant,,2025-11-22T18:17:48Z,75,,OpenStreetMap
Inferno Kebab ja Pizza,"Rullakkokatu 3, 00240 Helsinki","kebab, pizza cuisine",confidence:medium;cuisine:kebab;cuisine:pizza;outdoor_seating:no;restaurant,,2025-11-11T15:21:30Z,86,,OpenStreetMap
Lopez Tacos,Urho Kekkosen katu 1,mexican cuisine,confidence:medium;cuisine:mexican;outdoor_seating:no;restaurant,,2025-12-26T13:10:26Z,41,,OpenStreetMap
YLE STUDIO 10,"Uutiskatu 8, 00240 Helsinki",Operated by Garam & Vermiglio catering Oy,confidence:medium;restaurant,,2025-12-15T16:42:41Z,52,,OpenStreetMap
My Salad Bar,"Kaivokatu 1, 00100 Helsinki",salad cuisine,confidence:medium;cuisine:salad;diet:vegetarian:yes;outdoor_seating:no;restaurant,,2025-09-14T16:20:08Z,144,,OpenStreetMap
Chitir Chicken,"Vilhonvuorenkatu 3, 00500 Helsinki",chicken cuisine,confidence:medium;cuisine:chicken;outdoor_seating:no;restaurant,,2025-10-27T10:17:26Z,101,,OpenStreetMap
Cafe Kim,Miina Sillanpään katu 1,Lounaskahvila,confidence:medium;cuisine:vietnamese;restaurant,,2025-12-19T06:11:07Z,48,,OpenStreetMap
Laulu,"Hietaniemenkatu 2, 00100 Helsinki",,confidence:medium;restaurant,,2025-09-17T10:50:15Z,141,,OpenStreetMap
Vibami,Kluuvi,vietnamese cuisine,confidence:medium;cuisine:vietnamese;outdoor_seating:yes;restaurant,,2025-09-30T14:51:47Z,128,,OpenStreetMap
Alexanderplats,"Eteläesplanadi 22, 00130 Helsinki",,confidence:medium;outdoor_seating:yes;restaurant,,2026-01-09T21:51:21Z,27,,OpenStreetMap
Brindavan,,"indian, international cuisine",confidence:medium;cuisine:indian;cuisine:international;diet:vegan:only;diet:vegetarian:only;restaurant,,2025-12-13T14:05:51Z,54,,OpenStreetMap
Norppa Base,"Tenderinlenkki 8, 00520 Helsinki",japanese cuisine,confidence:medium;cuisine:japanese;diet:fish:yes;diet:meat:yes;diet:vegetarian:yes;restaurant,,2025-12-02T13:24:18Z,65,,OpenStreetMap
Chitir Chicken Pasila,"Höyrykatu 8, 00520 Helsinki",chicken cuisine,confidence:medium;cuisine:chicken;restaurant,,2025-08-30T09:22:06Z,159,,OpenStreetMap
Kansis,"Kansakoulukuja 1, 00100 Helsinki",,confidence:medium;outdoor_seating:no;restaurant,,2025-08-16T06:30:31Z,173,,OpenStreetMap
Pancho Villa,"Kirkonkyläntie 11, 00700 Helsinki, FI",mexican cuisine,confidence:medium;cuisine:mexican;diet:dairy_free:yes;diet:gluten_free:yes;diet:lactose_free:yes;diet:vegan:yes;diet:vegetarian:yes;outdoor_seating:no;restaurant;takeaway:yes,,2025-11-25T00:23:34Z,72,,OpenStreetMap
Vene Bar & Bistro,"Koirasaarentie 43, 00590 Helsinki",,confidence:medium;restaurant,,2025-09-30T18:11:56Z,128,,OpenStreetMap
HSS Paviljonki,"Liuskasaari 1, 00140 Helsinki",,confidence:medium;diet:halal:no;diet:kosher:no;restaurant,,2025-10-19T09:48:01Z,109,,OpenStreetMap
Tandoori Cuisine,"Lehtisaarentie 2, 00340 Helsinki",,confidence:medium;diet:gluten_free:yes;diet:vegan:yes;diet:vegetarian:yes;restaurant,,2025-11-26T18:05:32Z,71,,OpenStreetMap
Tawook Lab,,,confidence:medium;outdoor_seating:yes;restaurant,,2025-11-02T10:56:18Z,95,,OpenStreetMap
Itsuyaki,"Itäkatu 1-5, 00930 Helsinki",japanese cuisine,confidence:medium;cuisine:japanese;restaurant,,2025-10-29T01:33:29Z,99,,OpenStreetMap
Speakeasy,"Itäkatu 1-5, 00930 Helsinki",,confidence:medium;restaurant,,2025-10-29T01:23:44Z,99,,OpenStreetMap
Muji Ravintola,,,confidence:medium;outdoor_seating:no;restaurant,,2025-09-28T12:31:04Z,130,,OpenStreetMap
Momotoko,,asian cuisine,confidence:medium;cuisine:asian;outdoor_seating:no;restaurant,,2025-09-28T12:31:04Z,130,,OpenStreetMap
Hanko Aasia,"Messuaukio 1, 00520 Helsinki",asian cuisine,confidence:medium;cuisine:asian;outdoor_seating:no;restaurant,,2025-09-26T17:27:32Z,132,,OpenStreetMap
Aito Fresh,,,confidence:medium;diet:vegan:yes;diet:vegetarian:yes;outdoor_seating:no;restaurant;takeaway:yes,,2025-11-08T13:38:50Z,89,,OpenStreetMap
Indus,"Eteläesplanadi 4, 00130 Helsinki",indian cuisine,confidence:medium;cuisine:indian;restaurant,,2025-10-18T05:57:54Z,110,,OpenStreetMap
Gina,,italian cuisine,confidence:medium;cuisine:italian;outdoor_seating:no;restaurant,,2025-10-17T19:49:38Z,111,,OpenStreetMap
Skifferi,,,confidence:medium;outdoor_seating:no;restaurant,,2025-11-11T15:22:27Z,86,,OpenStreetMap
Sodexo Metropolia Myllypuro,"Myllypurontie 1, 00920 Helsinki",,confidence:medium;diet:vegan:yes;diet:vegetarian:yes;restaurant,,2025-09-11T18:32:31Z,147,,OpenStreetMap
Le Grec,Rikhardinkatu 2,greek cuisine,confidence:medium;cuisine:greek;outdoor_seating:yes;restaurant,,2025-10-17T04:34:40Z,111,,OpenStreetMap
Lohtu,,,confidence:medium;diet:vegan:only;diet:vegetarian:only;outdoor_seating:no;restaurant,,2025-08-16T12:45:37Z,173,,OpenStreetMap
Ravintola Akseli,"Ilmalankuja 3, 00240 Helsinki",Lunch is served Mo-Fr 10:30-13:30.,confidence:medium;cuisine:coffee;cuisine:lunch;cuisine:salad;cuisine:shop;cuisine:soup;diet:gluten_free:yes;diet:halal:no;diet:kosher:no;diet:lactose_free:yes;diet:vegetarian:yes;outdoor_seating:yes;restaurant,,2025-10-06T19:26:19Z,122,,OpenStreetMap
Uyghur Noodle House,"Siltasaarenkatu 13, 00530 Helsinki",Lunch prices are from 11:00 to 14:00.,confidence:medium;cuisine:uyghur;diet:vegan:yes;diet:vegetarian:yes;outdoor_seating:no;restaurant,,2025-08-08T14:36:30Z,181,,OpenStreetMap
FLQ,"Tallinnanaukio 4, 00930 Helsinki",asian cuisine,confidence:medium;cuisine:asian;restaurant,,2025-11-12T09:58:18Z,85,,OpenStreetMap
Dylan Luft,"Ilmalantori 4, 00240 Helsinki",Lunch is served Mo-Fr 10:30-14:00.,confidence:medium;cuisine:coffee;cuisine:lunch;cuisine:salad;cuisine:shop;cuisine:soup;diet:gluten_free:yes;diet:halal:no;diet:kosher:no;diet:lactose_free:yes;diet:vegetarian:yes;outdoor_seating:yes;restaurant,,2025-08-25T05:59:00Z,164,,OpenStreetMap
Ravintola Santpauli,Tehtaankatu 21,"german, european cuisine",confidence:medium;cuisine:european;cuisine:german;diet:meat:yes;diet:vegan:yes;diet:vegetarian:yes;restaurant,,2025-11-04T21:07:29Z,93,,OpenStreetMap
Ihana Sushi,,sushi cuisine,confidence:medium;cuisine:sushi;restaurant,,2026-01-14T15:55:47Z,22,,OpenStreetMap
Hirshabeele Ravintola,Kastelholmantie 2,somali cuisine,confidence:medium;cuisine:somali;restaurant,,2025-10-29T16:28:24Z,99,,OpenStreetMap
Al Nakha,,"Oikea nimi saattaa olla eri kuin ikkunassa, pitää selvittää",confidence:medium;restaurant,,2025-10-29T16:59:42Z,99,,OpenStreetMap
Newroz 21,,kebab cuisine,confidence:medium;cuisine:kebab;restaurant,,2025-10-29T17:42:25Z,99,,OpenStreetMap
Al Suleimani,,kebab cuisine,confidence:medium;cuisine:kebab;restaurant,,2026-01-28T11:54:05Z,8,,OpenStreetMap
Gold Cafe,,,confidence:medium;restaurant,,2025-10-29T17:09:22Z,99,,OpenStreetMap
Retro Enoteca,"Vuorikatu 16, 00100 Helsinki",italian cuisine,confidence:medium;cuisine:italian;outdoor_seating:yes;restaurant,,2025-08-31T13:29:49Z,158,,OpenStreetMap
Dylan La Ilma,"Ilmalanrinne 1, 00240 Helsinki",Lunch is server Mo-Fr 10:30-14:00.,confidence:medium;cuisine:burger;cuisine:lunch;diet:vegetarian:yes;outdoor_seating:no;restaurant,,2025-12-30T19:18:42Z,37,,OpenStreetMap
Hansa Café Bar & Brasserie,,"burger, salad cuisine",confidence:medium;cuisine:burger;cuisine:salad;outdoor_seating:yes;restaurant,,2025-12-24T15:01:56Z,43,,OpenStreetMap
Mr.Pastrami,Insinöörinkatu 12,sandwich cuisine,confidence:medium;cuisine:sandwich;restaurant,,2025-02-12T07:44:21Z,358,,OpenStreetMap
Gastro Hub,Unioninkatu 30,georgian cuisine,confidence:medium;cuisine:georgian;diet:vegetarian:yes;outdoor_seating:no;restaurant,,2025-11-07T10:59:25Z,90,,OpenStreetMap
Villa Nepal,,indian cuisine,confidence:medium;cuisine:indian;outdoor_seating:no;restaurant,,2025-09-28T12:31:04Z,130,,OpenStreetMap
Seoul Good,"Kantelettarentie 1, 00420 Helsinki",korean cuisine,confidence:medium;cuisine:korean;restaurant,,2025-11-23T14:21:38Z,74,,OpenStreetMap
Faro Channelside Bar & Restaurant,"Kellosaarenranta 2, 00180 Helsinki",,confidence:medium;diet:halal:no;diet:kosher:no;outdoor_seating:yes;restaurant,,2025-09-17T09:32:13Z,141,,OpenStreetMap
Old Captain,"Capellanranta 4b, 00580 Helsinki","Avautunut xx.12.2025. Liiketilassa ollut ennen Fivetti,  Hummus House ja ravintola Palm.",confidence:medium;cuisine:burger;cuisine:pizza;restaurant,,2025-12-17T13:22:03Z,50,,OpenStreetMap
14 Peaks,"Siltasaarenkatu 13, 00530 Helsinki",,confidence:medium;diet:vegan:yes;restaurant,,2025-08-09T08:53:30Z,180,,OpenStreetMap
Bistro Bardot,"Kluuvikatu 1, 00100 Helsinki",french cuisine,confidence:medium;cuisine:french;restaurant,,2025-08-12T08:05:20Z,177,,OpenStreetMap
Pizza Box,,pizza cuisine,confidence:medium;cuisine:pizza;restaurant,,2025-08-12T14:59:09Z,177,,OpenStreetMap
Adams Plaza,,pizza cuisine,confidence:medium;cuisine:pizza;restaurant,,2025-11-23T14:17:51Z,74,,OpenStreetMap
Kantin Lunch Club,"Arkadiankatu 23, 00100 Helsinki",,confidence:medium;restaurant,,2025-08-18T21:11:52Z,171,,OpenStreetMap
Bibi Bistro,,persian cuisine,confidence:medium;cuisine:persian;restaurant,,2025-10-28T00:04:14Z,101,,OpenStreetMap
Teller,"Fredrikinkatu 71, 00100 Helsinki",,confidence:medium;restaurant,,2025-08-19T06:44:12Z,170,,OpenStreetMap
Damasko,"Ruosilantie 18, 00390 Helsinki, FI",mediterranean cuisine,confidence:medium;cuisine:mediterranean;restaurant,,2025-08-19T12:14:47Z,170,,OpenStreetMap
Tiflisi,"Malminrinne 2, 00180 Helsinki",georgian cuisine,confidence:medium;cuisine:georgian;restaurant,,2025-08-20T07:32:23Z,169,,OpenStreetMap
Helsingin Grillikebab ja Autopesula,,kebab cuisine,confidence:medium;cuisine:kebab;restaurant,,2025-08-20T10:53:25Z,169,,OpenStreetMap
Krung Thep Thai Bistro,"Bermudankatu 5, 00220 Helsinki",thai cuisine,confidence:medium;cuisine:thai;restaurant,,2025-08-25T06:48:38Z,164,,OpenStreetMap
Shin Ramen & BRGRS Sompasaari,Aallonhalkoja 1,,confidence:medium;restaurant,,2025-08-23T15:58:04Z,166,,OpenStreetMap
Ravintola Huudi,"Huopalahdentie 24, 00350 Helsinki",,confidence:medium;restaurant,,2025-08-27T05:50:54Z,162,,OpenStreetMap
Robusto,,,confidence:medium;restaurant,,2025-08-30T15:14:55Z,159,,OpenStreetMap
Ravintola Rouhea,"Teollisuuskatu 33, 00510 Helsinki",,confidence:high;restaurant,2025-09-01,2025-09-12T14:38:14Z,146,,OpenStreetMap
Jojo Dumplings,Aallonhalkoja 1,chinese cuisine,confidence:medium;cuisine:chinese;restaurant,,2025-09-02T06:46:39Z,156,,OpenStreetMap
Kanokchai,Cygnaeuksenkatu 5,thai cuisine,confidence:medium;cuisine:thai;restaurant,,2025-09-03T18:24:47Z,155,,OpenStreetMap
Nanapo,Fredrikinkatu 46,sushi cuisine,confidence:medium;cuisine:sushi;restaurant,,2025-09-30T06:23:00Z,128,,OpenStreetMap
Hanoi Vietnam,,vietnamese cuisine,confidence:medium;cuisine:vietnamese;restaurant,,2025-09-08T12:28:17Z,150,,OpenStreetMap
Mikivi,"Fredrikinkatu 58, 00100 Helsinki, FI",asian cuisine,confidence:medium;cuisine:asian;restaurant,,2025-09-12T08:10:38Z,146,,OpenStreetMap
Antell Berlin/Vallila,"Elimäenkatu 25-27, 00510 Helsinki",,confidence:medium;restaurant,,2025-09-12T14:32:50Z,146,,OpenStreetMap
Fry Day,,asian cuisine,confidence:medium;cuisine:asian;restaurant,,2025-09-15T07:59:29Z,143,,OpenStreetMap
Mian,,asian cuisine,confidence:medium;cuisine:asian;restaurant,,2025-09-15T07:59:29Z,143,,OpenStreetMap
Ravintola Kampung,,asian cuisine,confidence:medium;cuisine:asian;restaurant,,2025-09-15T07:59:29Z,143,,OpenStreetMap
Ristorante Momento,,,confidence:medium;restaurant,,2025-09-26T16:08:37Z,132,,OpenStreetMap
Willensauna,,,confidence:medium;outdoor_seating:no;restaurant,,2025-09-28T12:31:02Z,130,,OpenStreetMap
Erenn Kitchen & More,"Klaneettitie 12, 00420 Helsinki",turkish cuisine,confidence:medium;cuisine:turkish;delivery:yes;restaurant;takeaway:yes,,2025-10-01T20:21:49Z,127,,OpenStreetMap
Ravintola Nepali Food,"Sitratie 7, 00420 Helsinki",nepalese cuisine,confidence:medium;cuisine:nepalese;delivery:yes;restaurant;takeaway:yes,,2025-10-26T16:16:01Z,102,,OpenStreetMap
Luckiefun's Sushibuffet,,"japanese, sushi, buffet cuisine",confidence:medium;cuisine:buffet;cuisine:japanese;cuisine:sushi;outdoor_seating:no;restaurant,,2025-10-06T16:44:59Z,122,,OpenStreetMap
Backyard,"Itäkatu 1-7, 00930 Helsinki",,confidence:medium;restaurant,,2025-10-08T19:59:56Z,120,,OpenStreetMap
Winest,Unioninkatu 30,georgian cuisine,confidence:medium;cuisine:georgian;outdoor_seating:yes;restaurant,,2025-11-07T10:59:25Z,90,,OpenStreetMap
Bonito,Rikhardinkatu 4,,confidence:medium;restaurant,,2025-10-19T17:21:52Z,109,,OpenStreetMap
Ylistalo,,,confidence:medium;restaurant,,2025-10-24T10:09:19Z,104,,OpenStreetMap
Ekeko Restobar,"Vilhonvuorenkatu 3, 00500 Helsinki",latin_american cuisine,confidence:medium;cuisine:american;cuisine:latin;restaurant,,2025-10-27T10:17:26Z,101,,OpenStreetMap
Mondo Pizza,"Meri-Rastilan kuja 2, 00980 Helsinki",pizza cuisine,confidence:medium;cuisine:pizza;delivery:yes;restaurant;takeaway:yes,,2025-11-09T20:54:18Z,88,,OpenStreetMap
Sodexo Helsingin yliopisto Päärakennus,,,confidence:medium;outdoor_seating:no;restaurant,,2025-11-10T07:37:00Z,87,,OpenStreetMap
Wave of flavours,"Sturenkatu 28, 00550 Helsinki",portuguese cuisine,confidence:medium;cuisine:portuguese;restaurant,,2025-11-14T07:22:59Z,83,,OpenStreetMap
Greenfinch,"Porkkalankatu 36, 00180 Helsinki, FI",,confidence:medium;restaurant,,2025-11-18T13:54:13Z,79,,OpenStreetMap
Officine Brera,"Telakkakatu 10, 00150 Helsinki",italian cuisine,confidence:medium;cuisine:italian;restaurant,,2025-11-27T10:33:49Z,70,,OpenStreetMap
Esmes,"Iso Roobertinkatu 24, 00120 Helsinki",,confidence:medium;restaurant,,2025-11-27T10:51:39Z,70,,OpenStreetMap
Demo,"Itämerenkatu 25, 00180 Helsinki, FI",nordic cuisine,confidence:medium;cuisine:nordic;diet:halal:no;diet:kosher:no;restaurant,,2025-11-27T11:04:30Z,70,,OpenStreetMap
Daruma Kitchen,Verkkoneula 6,"asian, japanese cuisine",confidence:medium;cuisine:asian;cuisine:japanese;restaurant,,2025-12-03T13:07:40Z,64,,OpenStreetMap
Unicafe,"Haartmaninkatu 3, 00290 Helsinki",,confidence:medium;restaurant,,2025-12-15T06:59:06Z,52,,OpenStreetMap
Ravintola Sitara,,,confidence:medium;restaurant,,2025-12-14T19:33:03Z,53,,OpenStreetMap
Unicafe,"Haartmaninkatu 4, 00290 Helsinki",,confidence:medium;restaurant,,2025-12-15T06:59:06Z,52,,OpenStreetMap
Unicafe,"Viikinkaari 5, 00790 Helsinki",,confidence:medium;restaurant,,2025-12-15T06:59:06Z,52,,OpenStreetMap
Tropic Café,"Olavinlinnantie 6, 00900 Helsinki",,confidence:medium;restaurant,,2025-12-15T11:21:25Z,52,,OpenStreetMap
Vazi,"Konttisatamankatu 2, 00540 Helsinki",georgian cuisine,confidence:medium;cuisine:georgian;restaurant,,2025-12-19T10:13:42Z,48,,OpenStreetMap
Uyghur Noodle House,Malminrinne 3,"asian, noodles cuisine",confidence:medium;cuisine:asian;cuisine:noodles;restaurant,,2025-12-23T14:46:08Z,44,,OpenStreetMap
Itsuyaki,,asian cuisine,confidence:medium;cuisine:asian;outdoor_seating:no;restaurant,,2025-12-23T16:19:09Z,44,,OpenStreetMap
Miss Yao,,asian cuisine,confidence:medium;cuisine:asian;restaurant,,2025-12-26T13:10:26Z,41,,OpenStreetMap
Ravintola Loru,"Itälahdenkatu 27, 00210 Helsinki",,confidence:medium;restaurant,,2025-12-29T11:31:33Z,38,,OpenStreetMap
The Tart,"Yrjönkatu 2, 00120 Helsinki",british cuisine,confidence:medium;cuisine:british;restaurant,,2026-01-01T12:02:55Z,35,,OpenStreetMap
Presto Pizza,,pizza cuisine,confidence:medium;cuisine:pizza;restaurant;takeaway:yes,,2026-01-03T19:27:26Z,33,,OpenStreetMap
Nemrut pizza kebab,"Pakilantie 38, 00630 Helsinki","pizza, kebab cuisine",confidence:medium;cuisine:kebab;cuisine:pizza;restaurant,,2026-01-23T05:32:12Z,13,,OpenStreetMap
Digla,,middle_eastern cuisine,confidence:medium;cuisine:eastern;cuisine:middle;restaurant,,2026-01-28T12:02:57Z,8,,OpenStreetMap
Zahiiba,,somali cuisine,confidence:medium;cuisine:somali;restaurant,,2026-01-28T11:54:05Z,8,,OpenStreetMap
Ravintola Base Camp,Mannerheimintie 3,nepalese cuisine,confidence:medium;cuisine:nepalese;diet:chicken:yes;diet:meat:yes;diet:non-vegetarian:yes;diet:vegan:yes;diet:vegetarian:yes;restaurant,,2026-01-31T00:47:45Z,5,,OpenStreetMap
Herkkuhetki Pitäjänmäki Tali,,,confidence:medium;restaurant,,2026-02-03T05:56:17Z,2,,OpenStreetMap
Krung Thep Thai Bistro Oulunkylä,"Käskynhaltijantie 38, 00640 Helsinki",thai cuisine,confidence:medium;cuisine:thai;restaurant,,2026-02-05T13:09:39Z,0,,OpenStreetMap
Ravintola Alia,"Mustikkamaankuja 1, 00570 Helsinki",,confidence:medium;restaurant,,2023-01-11T18:43:30Z,1121,,OpenStreetMap
Blue Peter,"Vattuniemen puistotie 1, 00210 Helsinki",regional cuisine,confidence:medium;cuisine:regional;diet:halal:no;diet:kosher:no;restaurant,,2025-08-19T14:02:29Z,170,,OpenStreetMap
Ravintola Karhu,,,confidence:medium;diet:halal:no;diet:kosher:no;restaurant,,2025-08-13T13:00:59Z,176,,OpenStreetMap
Lappi Ravintola,"Annankatu 22, 00100 Helsinki, Finland",Google Places candidate (no opening_date provided),confidence:low;dineIn:yes;outdoorSeating:no;price_level:PRICE_LEVEL_EXPENSIVE;rating:4.5;ratings:2542;reservable:yes;servesBeer:yes;servesBreakfast:no;servesCocktails:yes;servesCoffee:yes;servesDessert:yes;servesDinner:yes;servesWine:yes;source:google_places;takeout:no;type:establishment;type:food;type:point_of_interest;type:restaurant,,,,,Google Places (Text Search)
Ravintola Ragu,"Ludviginkatu 3-5, 00130 Helsinki, Finland",Google Places candidate (no opening_date provided),confidence:low;delivery:no;dineIn:yes;outdoorSeating:no;price_level:PRICE_LEVEL_EXPENSIVE;rating:4.6;ratings:1165;reservable:yes;servesBeer:yes;servesBreakfast:no;servesCocktails:yes;servesCoffee:yes;servesDessert:yes;servesDinner:yes;servesVegetarianFood:yes;servesWine:yes;source:google_places;takeout:no;type:establishment;type:food;type:point_of_interest;type:restaurant,,,,,Google Places (Text Search)
Ravintola Nokka,"Kanavaranta 7 F, 00160 Helsinki, Finland",Google Places candidate (no opening_date provided),confidence:low;delivery:no;dineIn:yes;outdoorSeating:yes;price_level:PRICE_LEVEL_VERY_EXPENSIVE;rating:4.6;ratings:1194;reservable:yes;servesBeer:yes;servesBreakfast:no;servesCocktails:yes;servesCoffee:yes;servesDessert:yes;servesDinner:yes;servesLunch:yes;servesVegetarianFood:yes;servesWine:yes;source:google_places;type:establishment;type:food;type:point_of_interest;type:restaurant,,,,,Google Places (Text Search)
Tawook Lab,"Citykäytävä, Aleksanterinkatu 21, 00100 Helsinki, Finland",Google Places candidate (no opening_date provided),confidence:low;delivery:yes;dineIn:yes;outdoorSeating:yes;price_level:PRICE_LEVEL_MODERATE;rating:4.8;ratings:826;reservable:yes;servesBeer:no;servesCocktails:no;servesCoffee:yes;servesDessert:yes;servesDinner:yes;servesLunch:yes;servesVegetarianFood:yes;servesWine:no;source:google_places;takeout:yes;type:establishment;type:food;type:point_of_interest;type:restaurant,,,,,Google Places (Text Search)
Restaurant Muru,"Fredrikinkatu 41, 00120 Helsinki, Finland",Google Places candidate (no opening_date provided),confidence:low;delivery:no;dineIn:yes;outdoorSeating:no;price_level:PRICE_LEVEL_EXPENSIVE;rating:4.6;ratings:1047;reservable:yes;servesBeer:yes;servesBreakfast:no;servesCocktails:no;servesCoffee:yes;servesDessert:yes;servesDinner:yes;servesLunch:no;servesWine:yes;source:google_places;takeout:no;type:establishment;type:food;type:point_of_interest;type:restaurant,,,,,Google Places (Text Search)
Osteria dei Gusti,"Töölönkatu 1, 00100 Helsinki, Finland",Google Places candidate (no opening_date provided),confidence:low;delivery:no;dineIn:yes;outdoorSeating:yes;price_level:PRICE_LEVEL_MODERATE;rating:4.7;ratings:802;reservable:yes;servesBeer:yes;servesBreakfast:no;servesCocktails:yes;servesCoffee:yes;servesDessert:yes;servesDinner:yes;servesLunch:yes;servesWine:yes;source:google_places;takeout:no;type:establishment;type:food;type:italian_restaurant;type:point_of_interest;type:restaurant,,,,,Google Places (Text Search)
Restaurant Savotta,"Aleksanterinkatu 22, 00170 Helsinki, Finland",Google Places candidate (no opening_date provided),confidence:low;delivery:no;dineIn:yes;outdoorSeating:yes;price_level:PRICE_LEVEL_EXPENSIVE;rating:4.5;ratings:1948;reservable:yes;servesBeer:yes;servesBreakfast:no;servesCocktails:yes;servesCoffee:yes;servesDessert:yes;servesDinner:yes;servesLunch:yes;servesVegetarianFood:yes;servesWine:yes;source:google_places;type:establishment;type:food;type:point_of_interest;type:restaurant,,,,,Google Places (Text Search)
Gastro Hub,"Unioninkatu 30, 00100 Helsinki, Finland",Google Places candidate (no opening_date provided),confidence:low;delivery:yes;dineIn:yes;outdoorSeating:yes;price_level:PRICE_LEVEL_MODERATE;rating:4.7;ratings:1273;reservable:yes;servesBeer:yes;servesCocktails:yes;servesCoffee:yes;servesDessert:yes;servesDinner:yes;servesLunch:yes;servesVegetarianFood:yes;servesWine:yes;source:google_places;takeout:yes;type:establishment;type:food;type:point_of_interest;type:restaurant,,,,,Google Places (Text Search)
Restaurant Passio,"Kalevankatu 13, 00100 Helsinki, Finland",Google Places candidate (no opening_date provided),confidence:low;delivery:no;dineIn:yes;outdoorSeating:yes;price_level:PRICE_LEVEL_EXPENSIVE;rating:4.5;ratings:766;reservable:yes;servesBeer:yes;servesBreakfast:no;servesCocktails:yes;servesCoffee:yes;servesDessert:yes;servesDinner:yes;servesLunch:yes;servesWine:yes;source:google_places;takeout:yes;type:establishment;type:food;type:point_of_interest;type:restaurant,,,,,Google Places (Text Search)
Restaurant HOKU,"Urho Kekkosen katu 1, 00100 Helsinki, Finland",Google Places candidate (no opening_date provided),confidence:low;dineIn:yes;outdoorSeating:no;price_level:PRICE_LEVEL_MODERATE;rating:4.6;ratings:1403;reservable:yes;servesBeer:yes;servesBreakfast:no;servesCocktails:yes;servesCoffee:yes;servesDessert:yes;servesDinner:yes;servesLunch:yes;servesVegetarianFood:yes;servesWine:yes;source:google_places;type:american_restaurant;type:asian_restaurant;type:establishment;type:food;type:japanese_restaurant;type:point_of_interest;type:restaurant,,,,,Google Places (Text Search)
Ravintola Finnjävel SALONKI,"Ainonkatu 3, 00100 Helsinki, Finland",Google Places candidate (no opening_date provided),confidence:low;delivery:no;dineIn:yes;outdoorSeating:no;price_level:PRICE_LEVEL_VERY_EXPENSIVE;rating:4.5;ratings:852;reservable:yes;servesBeer:yes;servesBreakfast:no;servesCocktails:yes;servesCoffee:yes;servesDessert:yes;servesDinner:yes;servesLunch:yes;servesWine:yes;source:google_places;type:establishment;type:food;type:point_of_interest;type:restaurant,,,,,Google Places (Text Search)
Rioni,"Kasarmikatu 25, 00130 Helsinki, Finland",Google Places candidate (no opening_date provided),confidence:low;dineIn:yes;outdoorSeating:yes;price_level:PRICE_LEVEL_MODERATE;rating:4.6;ratings:1657;reservable:yes;servesBeer:yes;servesBreakfast:no;servesCocktails:yes;servesCoffee:yes;servesDessert:yes;servesDinner:yes;servesLunch:yes;servesVegetarianFood:yes;servesWine:yes;source:google_places;takeout:yes;type:establishment;type:food;type:point_of_interest;type:restaurant,,,,,Google Places (Text Search)
Restaurant Levant Bulevardi,"Finland, Bulevardi 15, 00120 Helsinki, Finland",Google Places candidate (no opening_date provided),confidence:low;delivery:yes;dineIn:yes;outdoorSeating:yes;price_level:PRICE_LEVEL_INEXPENSIVE;rating:4.6;ratings:1272;reservable:yes;servesBeer:yes;servesBreakfast:yes;servesCocktails:yes;servesCoffee:yes;servesDessert:yes;servesDinner:yes;servesLunch:yes;servesVegetarianFood:yes;servesWine:yes;source:google_places;takeout:yes;type:brunch_restaurant;type:catering_service;type:establishment;type:food;type:food_delivery;type:lebanese_restaurant;type:middle_eastern_restaurant;type:point_of_interest;type:restaurant;type:vegetarian_restaurant,,,,,Google Places (Text Search)
Restaurant Bona Fide,"Vironkatu 8, 00170 Helsinki, Finland",Google Places candidate (no opening_date provided),confidence:low;delivery:no;dineIn:yes;rating:4.9;ratings:252;reservable:yes;servesBeer:yes;servesBreakfast:no;servesCocktails:yes;servesCoffee:yes;servesDessert:yes;servesDinner:yes;servesLunch:yes;servesWine:yes;source:google_places;takeout:no;type:establishment;type:food;type:point_of_interest;type:restaurant,,,,,Google Places (Text Search)
Winest,"Unioninkatu 30, 00100 Helsinki, Finland",Google Places candidate (no opening_date provided),confidence:low;delivery:no;dineIn:yes;outdoorSeating:yes;rating:4.9;ratings:342;reservable:yes;servesBeer:yes;servesCocktails:no;servesCoffee:yes;servesDessert:yes;servesDinner:yes;servesVegetarianFood:yes;servesWine:yes;source:google_places;takeout:no;type:establishment;type:food;type:point_of_interest;type:restaurant,,,,,Google Places (Text Search)
Restaurant Kuurna,"Meritullinkatu 6, 00170 Helsinki, Finland",Google Places candidate (no opening_date provided),confidence:low;delivery:no;dineIn:yes;outdoorSeating:no;price_level:PRICE_LEVEL_EXPENSIVE;rating:4.7;ratings:561;reservable:yes;servesBeer:yes;servesBreakfast:no;servesCocktails:yes;servesCoffee:yes;servesDessert:yes;servesDinner:yes;servesVegetarianFood:yes;servesWine:yes;source:google_places;takeout:no;type:establishment;type:food;type:point_of_interest;type:restaurant,,,,,Google Places (Text Search)
Ravintola Emo,"Kasarmikatu 44, 00130 Helsinki, Finland",Google Places candidate (no opening_date provided),confidence:low;dineIn:yes;outdoorSeating:yes;price_level:PRICE_LEVEL_EXPENSIVE;rating:4.4;ratings:808;reservable:yes;servesBeer:yes;servesBreakfast:no;servesCocktails:yes;servesCoffee:yes;servesDessert:yes;servesDinner:yes;servesLunch:yes;servesVegetarianFood:yes;servesWine:yes;source:google_places;takeout:yes;type:establishment;type:food;type:point_of_interest;type:restaurant,,,,,Google Places (Text Search)
Restaurant Konstan Möljä,"Hietalahdenkatu 14, 00180 Helsinki, Finland",Google Places candidate (no opening_date provided),confidence:low;dineIn:yes;rating:4.5;ratings:1923;reservable:yes;servesBeer:yes;servesBreakfast:no;servesCocktails:yes;servesCoffee:yes;servesDessert:yes;servesDinner:yes;servesLunch:yes;servesVegetarianFood:yes;servesWine:yes;source:google_places;takeout:yes;type:establishment;type:food;type:point_of_interest;type:restaurant,,,,,Google Places (Text Search)
Street Canteen,"Mannerheimintie 3, 00100 Helsinki, Finland",Google Places candidate (no opening_date provided),confidence:low;delivery:no;dineIn:yes;outdoorSeating:no;price_level:PRICE_LEVEL_MODERATE;rating:4.7;ratings:433;reservable:yes;servesBeer:yes;servesCoffee:yes;servesDessert:yes;servesDinner:yes;servesLunch:yes;servesWine:yes;source:google_places;takeout:yes;type:establishment;type:food;type:point_of_interest;type:restaurant,,,,,Google Places (Text Search)
Restaurant Twisted Street Kitchen,"Fredrikinkatu 58, 00100 Helsinki, Finland",Google Places candidate (no opening_date provided),confidence:low;delivery:yes;dineIn:yes;outdoorSeating:no;price_level:PRICE_LEVEL_MODERATE;rating:4.6;ratings:250;servesBreakfast:no;servesCoffee:yes;servesDinner:yes;servesLunch:yes;source:google_places;takeout:yes;type:establishment;type:food;type:point_of_interest;type:restaurant,,,,,Google Places (Text Search)
Raan Khao Gaeng Thai Street Food,"Urho Kekkosen katu 1, 00100 Helsinki, Finland",Google Places candidate (no opening_date provided),confidence:low;delivery:yes;dineIn:yes;outdoorSeating:no;rating:4.4;ratings:622;reservable:yes;servesBeer:yes;servesCocktails:no;servesCoffee:yes;servesDessert:yes;servesDinner:yes;servesLunch:yes;servesVegetarianFood:yes;servesWine:yes;source:google_places;type:establishment;type:food;type:point_of_interest;type:restaurant;type:thai_restaurant,,,,,Google Places (Text Search)
Jaskan Grilli,"Dagmarinkatu 2, 00100 Helsinki, Finland",Google Places candidate (no opening_date provided),confidence:low;delivery:no;dineIn:yes;outdoorSeating:yes;rating:4.2;ratings:190;reservable:no;servesBeer:no;servesCocktails:no;servesDessert:no;servesWine:no;source:google_places;takeout:yes;type:american_restaurant;type:establishment;type:food;type:hamburger_restaurant;type:point_of_interest;type:restaurant,,,,,Google Places (Text Search)
Sherpa Food N' Bar,"Harjutori 2, 00500 Helsinki, Finland",Google Places candidate (no opening_date provided),confidence:low;delivery:yes;dineIn:yes;outdoorSeating:yes;rating:4.8;ratings:212;reservable:yes;servesBeer:yes;servesBreakfast:yes;servesCocktails:yes;servesCoffee:yes;servesDessert:yes;servesDinner:yes;servesLunch:yes;servesVegetarianFood:yes;servesWine:yes;source:google_places;takeout:yes;type:establishment;type:food;type:point_of_interest;type:restaurant,,,,,Google Places (Text Search)
Restaurant Tokyo Street,"Hietalahden Kauppahalli, Lönnrotinkatu 34, 00180 Helsinki, Finland",Google Places candidate (no opening_date provided),confidence:low;delivery:yes;dineIn:yes;outdoorSeating:yes;price_level:PRICE_LEVEL_INEXPENSIVE;rating:4.3;ratings:353;reservable:yes;servesBeer:yes;servesBreakfast:no;servesCoffee:yes;servesDinner:yes;servesLunch:yes;servesVegetarianFood:yes;servesWine:yes;source:google_places;takeout:yes;type:establishment;type:food;type:japanese_restaurant;type:point_of_interest;type:ramen_restaurant;type:restaurant,,,,,Google Places (Text Search)
JokuRoti,"Hietaniemenkatu 2, 00100 Helsinki, Finland",Google Places candidate (no opening_date provided),confidence:low;delivery:yes;dineIn:yes;rating:5;ratings:26;servesDessert:yes;servesDinner:yes;servesLunch:yes;source:google_places;takeout:yes;type:establishment;type:food;type:point_of_interest;type:restaurant,,,,,Google Places (Text Search)
Zaap Isan Thai Street Food Rautatie,"Töölönlahdenkatu 3, 00100 Helsinki, Finland",Google Places candidate (no opening_date provided),confidence:low;delivery:yes;dineIn:yes;rating:4.2;ratings:140;reservable:yes;servesBeer:yes;servesCocktails:yes;servesCoffee:yes;servesDessert:yes;servesDinner:yes;servesLunch:yes;servesVegetarianFood:yes;servesWine:yes;source:google_places;takeout:yes;type:establishment;type:food;type:point_of_interest;type:restaurant;type:thai_restaurant,,,,,Google Places (Text Search)
Mojo Street Food,"Aleksis Kiven katu 12 D 113, 00500 Helsinki, Finland",Google Places candidate (no opening_date provided),confidence:low;delivery:no;dineIn:yes;rating:4.5;ratings:68;reservable:yes;servesBeer:yes;servesBreakfast:no;servesCocktails:no;servesCoffee:no;servesDessert:yes;servesDinner:yes;servesLunch:yes;servesVegetarianFood:yes;servesWine:no;source:google_places;takeout:yes;type:establishment;type:food;type:point_of_interest;type:restaurant,,,,,Google Places (Text Search)
16 Boom,"Snellmaninkatu 16, 00170 Helsinki, Finland",Google Places candidate (no opening_date provided),confidence:low;dineIn:yes;outdoorSeating:no;rating:4.8;ratings:215;reservable:yes;servesCocktails:yes;servesCoffee:yes;servesDinner:yes;servesLunch:yes;servesWine:yes;source:google_places;takeout:yes;type:asian_restaurant;type:establishment;type:food;type:point_of_interest;type:restaurant,,,,,Google Places (Text Search)
Faselli Italian street food,"Helsinginkatu 21, 00530 Helsinki, Finland",Google Places candidate (no opening_date provided),confidence:low;delivery:no;dineIn:yes;outdoorSeating:yes;price_level:PRICE_LEVEL_MODERATE;rating:4.6;ratings:361;reservable:yes;servesBeer:yes;servesBreakfast:no;servesCocktails:yes;servesCoffee:yes;servesDessert:yes;servesDinner:yes;servesLunch:yes;servesVegetarianFood:yes;servesWine:yes;source:google_places;takeout:yes;type:establishment;type:farm;type:food;type:italian_restaurant;type:point_of_interest;type:restaurant,,,,,Google Places (Text Search)
Pikku Jaska,"Simonkatu, 00100 Helsinki, Finland",Google Places candidate (no opening_date provided),confidence:low;dineIn:yes;rating:3.9;ratings:35;servesCoffee:yes;source:google_places;takeout:yes;type:establishment;type:fast_food_restaurant;type:food;type:point_of_interest;type:restaurant,,,,,Google Places (Text Search)
POCHA! Korean Street Dining,"Kulmavuorenkatu 7, 00500 Helsinki, Finland",Google Places candidate (no opening_date provided),confidence:low;delivery:yes;dineIn:yes;outdoorSeating:yes;rating:4.5;ratings:370;reservable:yes;servesBeer:yes;servesCocktails:yes;servesCoffee:yes;servesDessert:yes;servesDinner:yes;servesLunch:yes;servesWine:yes;source:google_places;takeout:yes;type:establishment;type:food;type:korean_restaurant;type:point_of_interest;type:restaurant,,,,,Google Places (Text Search)
Phở Nokis,"Urho Kekkosen katu 1 2 kerros, 00100 Helsinki, Finland",Google Places candidate (no opening_date provided),confidence:low;delivery:yes;dineIn:yes;outdoorSeating:no;rating:4.6;ratings:418;reservable:yes;servesBeer:yes;servesBreakfast:no;servesCocktails:no;servesCoffee:yes;servesDinner:yes;servesLunch:yes;servesVegetarianFood:yes;servesWine:yes;source:google_places;takeout:yes;type:establishment;type:food;type:point_of_interest;type:restaurant;type:vietnamese_restaurant,,,,,Google Places (Text Search)
Biblos,"Eteläesplanadi 22, 00130 Helsinki, Finland",Google Places candidate (no opening_date provided),confidence:low;dineIn:yes;rating:4.8;ratings:91;servesLunch:yes;source:google_places;takeout:yes;type:establishment;type:food;type:point_of_interest;type:restaurant,,,,,Google Places (Text Search)
La Galleria,"Unioninkatu 30, 00100 Helsinki, Finland",Google Places candidate (no opening_date provided),confidence:low;dineIn:yes;rating:4.8;ratings:73;servesCoffee:yes;servesDinner:yes;source:google_places;takeout:yes;type:establishment;type:food;type:point_of_interest;type:restaurant,,,,,Google Places (Text Search)
Seoul Good Kluuvi,"Kauppakeskus Kluuvi, Aleksanterinkatu 9 1.krs, 00100 Helsinki, Finland",Google Places candidate (no opening_date provided),confidence:low;dineIn:yes;rating:4.7;ratings:48;source:google_places;takeout:yes;type:asian_restaurant;type:establishment;type:food;type:point_of_interest;type:restaurant,,,,,Google Places (Text Search)
Seksico® City Bodega,"Saarisen Piha, Kaivokatu 8, 00101 Helsinki, Finland",Google Places candidate (no opening_date provided),confidence:low;dineIn:yes;rating:4.9;ratings:14;servesLunch:yes;source:google_places;takeout:yes;type:establishment;type:food;type:point_of_interest;type:restaurant,,,,,Google Places (Text Search)
Restaurant Nefer Nefer Nefer,"Erottajankatu 4, 00120 Helsinki, Finland",Google Places candidate (no opening_date provided),confidence:low;dineIn:yes;rating:4.5;ratings:45;source:google_places;type:establishment;type:food;type:point_of_interest;type:restaurant,,,,,Google Places (Text Search)
Ravintola Vietologie,"Runeberginkatu 59, 00260 Helsinki, Finland",Google Places candidate (no opening_date provided),confidence:low;delivery:yes;dineIn:yes;outdoorSeating:no;rating:5;ratings:80;reservable:yes;servesCoffee:yes;servesDessert:yes;servesDinner:yes;servesLunch:yes;servesVegetarianFood:yes;source:google_places;takeout:yes;type:establishment;type:food;type:point_of_interest;type:restaurant;type:vietnamese_restaurant,,,,,Google Places (Text Search)
Dip and Sip,"Helsinginkatu 13, 00500 Helsinki, Finland",Google Places candidate (no opening_date provided),confidence:low;delivery:yes;dineIn:yes;outdoorSeating:yes;rating:5;ratings:34;servesDessert:yes;servesDinner:yes;servesLunch:yes;source:google_places;takeout:yes;type:establishment;type:food;type:point_of_interest;type:restaurant,,,,,Google Places (Text Search)
Itsuyaki Forum,"Mannerheimintie 20 FORUM 3.krs, 00100 Helsinki, Finland",Google Places candidate (no opening_date provided),confidence:low;dineIn:yes;rating:4.4;ratings:56;source:google_places;takeout:yes;type:asian_restaurant;type:establishment;type:food;type:point_of_interest;type:restaurant,,,,,Google Places (Text Search)
Bistro Bardot,"Kluuvikatu 1, 00100 Helsinki, Finland",Google Places candidate (no opening_date provided),confidence:low;delivery:no;dineIn:yes;outdoorSeating:yes;price_level:PRICE_LEVEL_EXPENSIVE;rating:4.2;ratings:818;reservable:yes;servesBeer:yes;servesBreakfast:no;servesCocktails:yes;servesCoffee:yes;servesDessert:yes;servesDinner:yes;servesLunch:yes;servesVegetarianFood:yes;servesWine:yes;source:google_places;takeout:no;type:establishment;type:food;type:french_restaurant;type:point_of_interest;type:restaurant,,,,,Google Places (Text Search)
Restaurant Quartier,"Korkeavuorenkatu 4, 00150 Helsinki, Finland",Google Places candidate (no opening_date provided),confidence:low;delivery:no;dineIn:yes;rating:4.7;ratings:95;reservable:yes;servesBeer:yes;servesCocktails:yes;servesCoffee:yes;servesDessert:yes;servesDinner:yes;servesLunch:yes;servesWine:yes;source:google_places;type:establishment;type:food;type:point_of_interest;type:restaurant,,,,,Google Places (Text Search)
Bistro Vilho,"Mikonkatu 23, 00100 Helsinki, Finland",Google Places candidate (no opening_date provided),confidence:low;delivery:no;dineIn:yes;outdoorSeating:yes;price_level:PRICE_LEVEL_MODERATE;rating:4.3;ratings:281;reservable:yes;servesBeer:yes;servesBreakfast:yes;servesCocktails:yes;servesCoffee:yes;servesDessert:yes;servesDinner:yes;servesLunch:yes;servesVegetarianFood:yes;servesWine:yes;source:google_places;type:establishment;type:food;type:point_of_interest;type:restaurant,,,,,Google Places (Text Search)
Bistro Le Coin,"Siltasaarenkatu 10, 00530 Helsinki, Finland",Google Places candidate (no opening_date provided),confidence:low;dineIn:yes;rating:4.6;ratings:254;reservable:yes;servesBeer:yes;servesCocktails:yes;servesCoffee:yes;servesDessert:yes;servesDinner:yes;servesLunch:yes;servesVegetarianFood:yes;servesWine:yes;source:google_places;type:establishment;type:food;type:french_restaurant;type:point_of_interest;type:restaurant,,,,,Google Places (Text Search)
Finlandia Bistro,"Mannerheimintie 13e, 00100 Helsinki, Finland",Google Places candidate (no opening_date provided),confidence:low;dineIn:yes;rating:4.8;ratings:6;servesBeer:yes;servesCoffee:yes;servesDessert:yes;servesWine:yes;source:google_places;type:establishment;type:food;type:point_of_interest;type:restaurant,,,,,Google Places (Text Search)
Bistro O mat Hakaniemi,"Toinen linja 7 Lyyra toimistotalo, 9. krs, 00530 Helsinki, Finland",Google Places candidate (no opening_date provided),confidence:low;delivery:no;dineIn:yes;outdoorSeating:yes;rating:4.1;ratings:354;reservable:yes;servesBeer:yes;servesBreakfast:no;servesCocktails:yes;servesCoffee:yes;servesDessert:yes;servesDinner:yes;servesLunch:yes;servesVegetarianFood:yes;servesWine:yes;source:google_places;takeout:yes;type:establishment;type:food;type:french_restaurant;type:point_of_interest;type:restaurant,,,,,Google Places (Text Search)
Bistro Miljöö,"Runeberginkatu 40, 00260 Helsinki, Finland",Google Places candidate (no opening_date provided),confidence:low;delivery:no;dineIn:yes;outdoorSeating:no;price_level:PRICE_LEVEL_MODERATE;rating:4.4;ratings:741;reservable:yes;servesBeer:yes;servesCocktails:yes;servesCoffee:yes;servesDessert:yes;servesDinner:yes;servesLunch:yes;servesVegetarianFood:yes;servesWine:yes;source:google_places;type:establishment;type:food;type:point_of_interest;type:restaurant,,,,,Google Places (Text Search)
Bistro Gina,"Korkeavuorenkatu 34, 00130 Helsinki, Finland",Google Places candidate (no opening_date provided),confidence:low;delivery:no;dineIn:yes;rating:3.9;ratings:259;reservable:yes;servesBeer:yes;servesCocktails:yes;servesCoffee:yes;servesDessert:yes;servesDinner:yes;servesLunch:yes;servesWine:yes;source:google_places;type:establishment;type:food;type:italian_restaurant;type:point_of_interest;type:restaurant,,,,,Google Places (Text Search)
Bistro Manu,"Eteläinen Rautatiekatu 4, 00100 Helsinki, Finland",Google Places candidate (no opening_date provided),confidence:low;dineIn:yes;outdoorSeating:yes;rating:4.1;ratings:723;reservable:yes;servesBeer:yes;servesCocktails:yes;servesCoffee:yes;servesDessert:yes;servesDinner:yes;servesLunch:yes;servesVegetarianFood:yes;servesWine:yes;source:google_places;type:establishment;type:food;type:point_of_interest;type:restaurant,,,,,Google Places (Text Search)
The Social Bar & Bistro,"Fredrikinkatu 51, 00100 Helsinki, Finland",Google Places candidate (no opening_date provided),confidence:low;delivery:yes;dineIn:yes;outdoorSeating:no;rating:4.1;ratings:36;reservable:yes;servesBeer:yes;servesBreakfast:yes;servesCocktails:yes;servesCoffee:yes;servesDessert:yes;servesDinner:yes;servesLunch:yes;servesVegetarianFood:yes;servesWine:yes;source:google_places;type:establishment;type:food;type:point_of_interest;type:restaurant,,,,,Google Places (Text Search)
Ateneum Bistro,"Kaivokatu 2, 00100 Helsinki, Finland",Google Places candidate (no opening_date provided),confidence:low;delivery:no;dineIn:yes;outdoorSeating:no;price_level:PRICE_LEVEL_MODERATE;rating:4;ratings:264;reservable:yes;servesBeer:yes;servesBreakfast:yes;servesCocktails:yes;servesCoffee:yes;servesDessert:yes;servesDinner:yes;servesLunch:yes;servesWine:yes;source:google_places;type:establishment;type:food;type:point_of_interest;type:restaurant,,,,,Google Places (Text Search)
Baskeri & Basso,"Tehtaankatu 27-29 (sisäpiha), 00150 Helsinki, Finland",Google Places candidate (no opening_date provided),confidence:low;delivery:no;dineIn:yes;outdoorSeating:no;price_level:PRICE_LEVEL_MODERATE;rating:4.7;ratings:838;reservable:yes;servesBeer:yes;servesBreakfast:no;servesCocktails:yes;servesCoffee:yes;servesDessert:yes;servesDinner:yes;servesLunch:no;servesWine:yes;source:google_places;type:establishment;type:food;type:point_of_interest;type:restaurant,,,,,Google Places (Text Search)
Bouchon Carême,"Aleksanterinkatu 13, 00100 Helsinki, Finland",Google Places candidate (no opening_date provided),confidence:low;delivery:no;dineIn:yes;outdoorSeating:no;rating:4;ratings:138;reservable:yes;servesBeer:yes;servesCocktails:yes;servesCoffee:yes;servesDessert:yes;servesDinner:yes;servesLunch:yes;servesWine:yes;source:google_places;type:establishment;type:food;type:french_restaurant;type:point_of_interest;type:restaurant,,,,,Google Places (Text Search)
Restaurant BasBas Kulma,"Telakkakadun kulma, Tehtaankatu 27-29, 00150 Helsinki, Finland",Google Places candidate (no opening_date provided),confidence:low;delivery:no;dineIn:yes;outdoorSeating:no;price_level:PRICE_LEVEL_MODERATE;rating:4.6;ratings:838;reservable:yes;servesBeer:yes;servesBreakfast:no;servesCocktails:yes;servesCoffee:yes;servesDessert:yes;servesDinner:yes;servesLunch:yes;servesVegetarianFood:yes;servesWine:yes;source:google_places;takeout:no;type:establishment;type:food;type:point_of_interest;type:restaurant,,,,,Google Places (Text Search)
Bistro,"Tukholmankatu 2C, 00250 Helsinki, Finland",Google Places candidate (no opening_date provided),confidence:low;delivery:no;dineIn:yes;outdoorSeating:yes;rating:3.8;ratings:8;servesBeer:yes;servesBreakfast:yes;servesCoffee:yes;servesDessert:yes;servesLunch:yes;servesWine:yes;source:google_places;type:establishment;type:food;type:point_of_interest;type:restaurant,,,,,Google Places (Text Search)
Kortteli,"Urho Kekkosen katu 1 5. kerros, 00100 Helsinki, Finland",Google Places candidate (no opening_date provided),confidence:low;delivery:no;dineIn:yes;rating:4;ratings:639;reservable:yes;servesBreakfast:yes;servesCoffee:yes;servesDinner:yes;servesLunch:yes;servesVegetarianFood:yes;servesWine:yes;source:google_places;type:establishment;type:fitness_center;type:food;type:food_court;type:gym;type:hair_care;type:hair_salon;type:health;type:point_of_interest;type:restaurant;type:sports_activity_location;type:sports_complex;type:store;type:yoga_studio,,,,,Google Places (Text Search)
SOUP+MORE Vanha Kauppahalli,"Eteläranta 1, 00130 Helsinki, Finland",Google Places candidate (no opening_date provided),confidence:low;dineIn:yes;rating:4.6;ratings:697;source:google_places;takeout:yes;type:establishment;type:food;type:point_of_interest;type:restaurant,,,,,Google Places (Text Search)
Hakaniemen kauppahalli,"Hakaniemen kauppahalli, Hämeentie 1, 00530 Helsinki, Finland",Google Places candidate (no opening_date provided),confidence:low;delivery:no;rating:4.3;ratings:7068;source:google_places;type:establishment;type:food;type:food_court;type:market;type:point_of_interest;type:restaurant;type:tourist_attraction,,,,,Google Places (Text Search)
Restaurant Food & Co - Pääposti,"Mannerheiminaukio 1B, 00100 Helsinki, Finland",Google Places candidate (no opening_date provided),confidence:low;dineIn:yes;outdoorSeating:no;price_level:PRICE_LEVEL_MODERATE;rating:4.5;ratings:119;reservable:yes;servesBeer:yes;servesCocktails:yes;servesCoffee:yes;servesDessert:yes;servesDinner:yes;servesLunch:yes;servesVegetarianFood:yes;servesWine:yes;source:google_places;takeout:yes;type:establishment;type:food;type:point_of_interest;type:restaurant,,,,,Google Places (Text Search)
Sizzle Station Fennia,"Vuorikatu 14, 00100 Helsinki, Finland",Google Places candidate (no opening_date provided),confidence:low;dineIn:yes;rating:4.5;ratings:122;servesCoffee:yes;servesDinner:yes;servesLunch:yes;source:google_places;takeout:yes;type:establishment;type:food;type:point_of_interest;type:restaurant,,,,,Google Places (Text Search)
McDonald's,"Mannerheimintie 16, 00101 Helsinki, Finland",Google Places candidate (no opening_date provided),confidence:low;delivery:yes;dineIn:yes;outdoorSeating:no;price_level:PRICE_LEVEL_INEXPENSIVE;rating:3.6;ratings:3052;servesBeer:no;servesBreakfast:yes;servesCoffee:yes;servesDessert:yes;servesDinner:yes;servesLunch:yes;servesVegetarianFood:yes;servesWine:no;source:google_places;takeout:yes;type:american_restaurant;type:establishment;type:fast_food_restaurant;type:food;type:hamburger_restaurant;type:point_of_interest;type:restaurant,,,,,Google Places (Text Search)
Aito Fresh (City Center),"Kaivokatu 8 2nd floor, Citycenter, Kaivokatu 8 2 kerros, 00101 Helsinki, Finland",Google Places candidate (no opening_date provided),confidence:low;delivery:yes;dineIn:yes;outdoorSeating:no;price_level:PRICE_LEVEL_INEXPENSIVE;rating:4.7;ratings:341;servesBeer:yes;servesBreakfast:no;servesCocktails:yes;servesCoffee:yes;servesDessert:yes;servesDinner:yes;servesLunch:yes;servesVegetarianFood:yes;servesWine:yes;source:google_places;takeout:yes;type:establishment;type:food;type:point_of_interest;type:restaurant,,,,,Google Places (Text Search)
Hesburger Helsinki Kamppi,"Urho Kekkosen katu 1, 00100 Helsinki, Finland",Google Places candidate (no opening_date provided),confidence:low;delivery:yes;dineIn:yes;outdoorSeating:no;price_level:PRICE_LEVEL_MODERATE;rating:3.8;ratings:1704;reservable:no;servesBeer:no;servesCocktails:no;servesCoffee:yes;servesDessert:yes;servesDinner:yes;servesLunch:yes;servesWine:no;source:google_places;takeout:yes;type:american_restaurant;type:establishment;type:fast_food_restaurant;type:food;type:hamburger_restaurant;type:meal_takeaway;type:point_of_interest;type:restaurant,,,,,Google Places (Text Search)
Tawook Lab,"Second floor, Aleksanterinkatu 9, 00100 Helsinki, Finland",Google Places candidate (no opening_date provided),confidence:low;delivery:no;dineIn:yes;outdoorSeating:no;rating:4.8;ratings:303;servesCoffee:yes;servesDessert:yes;servesDinner:yes;servesLunch:yes;servesVegetarianFood:yes;source:google_places;takeout:yes;type:establishment;type:food;type:point_of_interest;type:restaurant,,,,,Google Places (Text Search)
